"parent_fam_id","child_fam_id"
"639","640"
"639","642"
"16","18"
"16","19"
"19","20"
"19","21"
"16","24"
"1348","770"
"1073","1082"
"2305","2304"
"1359","1360"
"1368","485"
"189","1092"
"189","1094"
"996","1376"
"848","1379"
"1379","1381"
"1382","1383"
"1382","1385"
"2045","1255"
"656","1098"
"656","1097"
"1399","1197"
"656","1101"
"656","1103"
"656","1105"
"130","131"
"130","132"
"1218","1403"
"139","140"
"656","1107"
"607","1109"
"1109","608"
"140","141"
"141","147"
"141","149"
"141","150"
"141","151"
"141","152"
"141","153"
"141","154"
"141","155"
"141","156"
"141","157"
"141","159"
"141","160"
"141","162"
"141","163"
"141","164"
"141","165"
"141","166"
"141","167"
"140","168"
"168","169"
"168","170"
"652","653"
"652","655"
"171","170"
"1111","1117"
"171","172"
"1118","1119"
"703","702"
"703","705"
"703","712"
"175","173"
"714","715"
"175","180"
"168","180"
"179","184"
"178","184"
"179","185"
"1126","1127"
"168","181"
"168","187"
"168","188"
"178","186"
"417","805"
"417","807"
"417","809"
"417","811"
"705","813"
"703","814"
"814","701"
"819","820"
"821","763"
"821","762"
"140","201"
"201","202"
"201","204"
"201","205"
"201","206"
"201","207"
"201","208"
"1411","42"
"140","210"
"212","213"
"1141","1143"
"212","214"
"1146","903"
"823","829"
"823","822"
"823","828"
"823","831"
"823","833"
"140","220"
"640","1149"
"640","1150"
"2305","2303"
"289","1162"
"1172","1173"
"630","1181"
"18","1185"
"18","1187"
"823","837"
"18","1189"
"1192","1194"
"1192","1195"
"1147","1418"
"284","1201"
"184","1204"
"414","1209"
"414","1211"
"178","247"
"178","249"
"178","250"
"178","253"
"414","1213"
"178","254"
"1425","1427"
"389","1260"
"1425","1429"
"1431","1432"
"140","262"
"139","263"
"178","255"
"183","255"
"263","264"
"263","265"
"263","266"
"263","270"
"178","274"
"183","274"
"178","277"
"183","277"
"139","275"
"275","279"
"275","280"
"275","281"
"282","281"
"282","284"
"1241","1312"
"275","285"
"594","620"
"594","630"
"594","745"
"139","286"
"139","289"
"1317","906"
"1317","1315"
"139","291"
"292","182"
"292","183"
"292","179"
"292","278"
"294","161"
"294","178"
"177","292"
"177","294"
"1454","1452"
"182","297"
"182","253"
"182","186"
"182","247"
"161","176"
"161","214"
"161","172"
"161","173"
"161","284"
"161","297"
"1454","1453"
"1458","1388"
"1458","1457"
"1458","1460"
"278","301"
"278","302"
"1458","1463"
"292","304"
"304","305"
"304","306"
"278","307"
"278","309"
"161","309"
"292","314"
"179","283"
"179","290"
"294","290"
"140","189"
"140","196"
"140","198"
"140","199"
"140","200"
"140","209"
"210","211"
"210","213"
"140","215"
"140","216"
"140","219"
"140","217"
"140","218"
"639","641"
"320","321"
"1076","1042"
"189","1090"
"1353","627"
"1356","1355"
"1374","530"
"844","847"
"752","746"
"320","344"
"344","345"
"344","346"
"358","357"
"358","388"
"358","389"
"358","390"
"358","391"
"358","392"
"358","394"
"412","413"
"412","414"
"412","415"
"424","423"
"424","425"
"424","426"
"424","427"
"424","428"
"424","429"
"424","430"
"424","431"
"424","433"
"424","434"
"424","435"
"424","436"
"424","437"
"424","438"
"424","439"
"424","440"
"424","441"
"424","363"
"424","442"
"424","443"
"424","444"
"424","446"
"424","447"
"424","448"
"424","449"
"424","450"
"639","643"
"475","476"
"475","478"
"484","485"
"484","486"
"501","502"
"501","503"
"510","511"
"510","512"
"516","517"
"517","518"
"517","519"
"652","651"
"516","521"
"516","522"
"516","523"
"516","524"
"516","525"
"516","526"
"516","527"
"516","528"
"516","530"
"537","536"
"537","538"
"557","558"
"557","559"
"557","560"
"562","280"
"652","654"
"161","563"
"562","563"
"570","571"
"570","572"
"570","573"
"570","574"
"570","575"
"582","583"
"582","584"
"582","585"
"582","586"
"582","587"
"589","590"
"589","591"
"589","592"
"589","593"
"589","594"
"263","269"
"607","610"
"607","611"
"607","612"
"607","613"
"607","614"
"632","550"
"632","631"
"703","713"
"714","716"
"417","806"
"417","808"
"417","810"
"705","812"
"705","711"
"814","693"
"823","765"
"823","827"
"823","830"
"823","832"
"823","836"
"823","838"
"823","835"
"478","841"
"478","842"
"2054","139"
"844","845"
"475","844"
"844","846"
"475","848"
"475","849"
"475","851"
"475","852"
"475","853"
"475","788"
"220","257"
"220","258"
"220","226"
"220","236"
"220","245"
"220","223"
"220","221"
"220","224"
"220","225"
"220","227"
"220","228"
"220","235"
"220","239"
"220","244"
"220","259"
"201","203"
"183","856"
"301","865"
"301","866"
"161","868"
"886","349"
"886","350"
"887","352"
"887","351"
"888","353"
"888","354"
"348","886"
"348","888"
"348","887"
"370","371"
"889","373"
"889","372"
"370","889"
"370","374"
"370","375"
"711","895"
"711","896"
"711","899"
"711","902"
"711","898"
"711","900"
"901","47"
"901","50"
"901","891"
"901","894"
"901","897"
"790","911"
"790","912"
"790","913"
"790","914"
"790","915"
"790","916"
"790","917"
"790","918"
"790","919"
"189","1091"
"189","1093"
"2245","1279"
"921","909"
"921","910"
"922","920"
"922","921"
"263","790"
"140","933"
"140","934"
"140","935"
"140","936"
"964","965"
"964","966"
"964","967"
"964","968"
"983","984"
"983","986"
"983","988"
"937","938"
"937","989"
"937","990"
"937","991"
"990","992"
"990","993"
"490","2249"
"321","1096"
"994","995"
"996","669"
"996","366"
"996","997"
"996","998"
"996","999"
"862","1000"
"862","1001"
"862","1002"
"862","1003"
"862","1004"
"862","1005"
"862","1006"
"862","1007"
"862","1008"
"862","1009"
"862","1010"
"862","1011"
"862","1012"
"862","1013"
"862","1014"
"862","1015"
"862","1016"
"862","1017"
"2305","2302"
"656","1099"
"656","1100"
"656","1102"
"656","1104"
"656","1106"
"702","1044"
"656","1108"
"1354","1352"
"1054","646"
"1054","729"
"1054","728"
"1062","1063"
"1062","1064"
"1354","1353"
"1045","1043"
"1109","609"
"1354","627"
"1111","1116"
"1066","1043"
"1066","1070"
"1111","1115"
"1073","1074"
"1073","1075"
"1076","703"
"1076","1066"
"1076","1073"
"1076","1071"
"1076","1072"
"1073","1077"
"1111","1118"
"1066","1079"
"1111","1120"
"1124","12"
"1124","818"
"1354","459"
"1126","1067"
"1354","1350"
"1356","1358"
"1066","1067"
"2054","310"
"814","1041"
"702","1041"
"1379","1380"
"1076","1083"
"1083","1045"
"1083","702"
"1381","1382"
"1132","1133"
"1132","1134"
"1141","1142"
"1144","717"
"1144","105"
"1382","1384"
"652","1156"
"645","1387"
"597","1160"
"597","1159"
"289","1161"
"1396","1394"
"1171","557"
"1172","1174"
"630","1182"
"18","1186"
"18","1188"
"1192","1193"
"1191","1192"
"1191","1196"
"1396","1395"
"284","1202"
"284","1199"
"284","1200"
"184","1203"
"414","1208"
"414","1210"
"414","1212"
"1218","1163"
"1218","522"
"26","81"
"26","94"
"26","136"
"26","66"
"26","75"
"26","89"
"26","76"
"26","96"
"26","90"
"26","65"
"26","84"
"26","135"
"26","73"
"26","82"
"26","83"
"26","137"
"26","86"
"26","71"
"26","58"
"26","63"
"26","28"
"26","85"
"26","1218"
"26","91"
"26","87"
"26","88"
"26","64"
"26","74"
"1258","1256"
"1258","1257"
"26","1261"
"1269","1268"
"1269","1125"
"1057","1277"
"1280","1281"
"1296","948"
"1302","1303"
"1241","1311"
"594","1315"
"1218","1402"
"1411","1409"
"1411","671"
"1416","1415"
"1425","1426"
"1425","1428"
"1431","1425"
"1431","1430"
"1458","1459"
"1458","1461"
"1470","1469"
"1470","567"
"1471","314"
"1471","488"
"1471","1473"
"1471","288"
"1471","1474"
"1474","735"
"1474","1475"
"1474","1476"
"1471","1478"
"1484","1483"
"1484","1225"
"1484","1485"
"1484","1486"
"1356","1487"
"1471","1489"
"1484","1490"
"1504","1499"
"1504","1501"
"1506","1503"
"1506","1502"
"253","1511"
"1471","1511"
"1510","1501"
"1510","1361"
"1510","1238"
"1501","1517"
"1518","1504"
"1518","1507"
"1518","1508"
"1518","1510"
"1518","1516"
"253","1515"
"253","1512"
"1507","1499"
"1507","1501"
"1507","1506"
"1507","1361"
"253","1514"
"1506","1505"
"1521","1517"
"1520","1521"
"1520","1503"
"1379","1528"
"1530","1532"
"1530","1531"
"823","1535"
"823","1536"
"2058","2056"
"823","1537"
"1368","1346"
"639","644"
"412","644"
"1540","1542"
"1540","1543"
"1544","1541"
"1544","1539"
"490","2247"
"1540","1544"
"1518","1522"
"1503","1255"
"1499","1255"
"1502","1255"
"1501","1255"
"1521","1255"
"1522","1499"
"1501","1555"
"1508","1501"
"1508","1361"
"1516","1501"
"1516","1361"
"1574","1322"
"1574","1573"
"1574","1575"
"486","1584"
"1492","1493"
"1492","543"
"1492","1494"
"1492","1495"
"1492","409"
"1492","636"
"1492","547"
"475","1624"
"294","1158"
"278","1158"
"1626","978"
"1626","1475"
"492","1638"
"492","1639"
"1641","1372"
"1458","1464"
"1458","1643"
"1458","1644"
"1458","1645"
"1650","816"
"1650","1172"
"1650","1191"
"1650","1413"
"1650","1448"
"1650","1642"
"1650","1648"
"1650","1649"
"1650","1651"
"1650","1652"
"1650","1655"
"1650","1654"
"1650","1653"
"594","1669"
"1670","1671"
"1670","1672"
"1670","1673"
"1670","1674"
"1670","1675"
"1281","1676"
"1683","1616"
"1683","1685"
"1685","1682"
"1690","1691"
"1692","1227"
"1729","1301"
"1729","1484"
"1745","1744"
"565","1745"
"565","1746"
"565","1747"
"565","1748"
"565","1750"
"476","1796"
"476","1798"
"476","1800"
"476","1780"
"476","1806"
"476","1807"
"476","1810"
"1813","543"
"849","1819"
"996","1820"
"413","1831"
"1832","41"
"1838","1835"
"2058","2057"
"1854","1853"
"1854","1028"
"1084","1856"
"476","1700"
"476","1753"
"476","1754"
"476","1696"
"476","1713"
"476","1714"
"476","1709"
"476","1717"
"476","1737"
"476","1769"
"476","1703"
"476","1805"
"476","1719"
"476","1704"
"476","1724"
"476","1711"
"476","1705"
"476","1803"
"476","1701"
"476","1771"
"476","1702"
"476","1779"
"476","1770"
"476","1773"
"476","1788"
"476","1767"
"476","1698"
"476","1697"
"476","1766"
"476","1706"
"476","1712"
"476","1756"
"476","1708"
"476","1757"
"476","1758"
"476","1716"
"476","1768"
"476","1759"
"476","1718"
"476","1760"
"476","1761"
"476","1720"
"476","1721"
"476","1722"
"476","1723"
"476","1725"
"476","1763"
"476","1726"
"476","1710"
"476","1738"
"476","1739"
"476","1740"
"476","1741"
"476","1764"
"476","1804"
"476","1742"
"476","1762"
"476","1775"
"476","1777"
"476","1778"
"476","1789"
"476","1727"
"476","1790"
"476","1799"
"476","1765"
"476","1809"
"476","1736"
"476","1858"
"476","1859"
"476","1860"
"476","1861"
"476","1863"
"476","1864"
"476","1865"
"476","1866"
"476","1867"
"476","1868"
"476","1869"
"476","1870"
"476","1871"
"476","1872"
"476","1874"
"842","1877"
"565","1878"
"565","1879"
"2060","664"
"1902","1901"
"1625","1900"
"542","360"
"542","483"
"220","240"
"220","243"
"71","2068"
"71","2069"
"71","2072"
"71","2074"
"542","546"
"542","598"
"542","601"
"542","781"
"542","1267"
"542","1585"
"542","1586"
"2059","2060"
"2059","2061"
"542","1898"
"542","1902"
"542","1175"
"1902","1908"
"2059","2062"
"1915","1912"
"1915","1914"
"1914","1891"
"842","1681"
"721","1923"
"682","1291"
"1292","1924"
"1292","1288"
"1292","1287"
"1292","1290"
"1292","1291"
"1292","1923"
"1292","1289"
"1292","1921"
"1400","2058"
"1928","1927"
"1400","2059"
"1400","2063"
"183","276"
"864","1935"
"864","1936"
"864","1937"
"864","1938"
"864","1939"
"1945","1881"
"1945","1946"
"1945","1947"
"1945","1948"
"1958","722"
"1958","1536"
"403","1689"
"403","623"
"403","685"
"1400","2066"
"1301","1732"
"220","2067"
"1959","1885"
"220","242"
"220","241"
"71","2070"
"71","2071"
"71","2073"
"71","2077"
"71","2078"
"71","2076"
"71","2079"
"71","2080"
"71","2081"
"71","2082"
"71","2083"
"71","2084"
"71","2085"
"1961","1960"
"1961","1917"
"1961","1670"
"1963","1962"
"1964","1238"
"1582","1969"
"506","1248"
"506","1970"
"542","1932"
"1932","1664"
"1932","1662"
"1932","455"
"1500","1131"
"71","2086"
"71","2075"
"1972","1973"
"1972","1974"
"1972","1975"
"2091","1604"
"2091","1606"
"848","1378"
"1975","1378"
"478","843"
"1975","843"
"1975","1976"
"2091","1605"
"1979","1980"
"1979","1981"
"615","1978"
"615","1979"
"615","1122"
"1410","1414"
"1410","1052"
"1410","745"
"1410","1855"
"554","1983"
"1410","1909"
"2102","1306"
"2102","1305"
"555","1909"
"752","2190"
"555","658"
"555","1983"
"358","1984"
"2102","1875"
"2102","2103"
"1690","1688"
"2104","1437"
"2104","2105"
"2104","2106"
"2104","2107"
"2104","2108"
"788","1986"
"788","1688"
"788","1988"
"788","1989"
"788","1987"
"788","1990"
"1838","1839"
"788","1839"
"788","1992"
"788","1993"
"646","1994"
"646","1996"
"2104","901"
"1999","931"
"1999","1998"
"2109","470"
"1613","1614"
"1613","1615"
"1140","2118"
"2005","1968"
"2005","2010"
"738","2020"
"538","2029"
"538","2028"
"536","2031"
"536","2032"
"408","2037"
"408","2038"
"657","2039"
"657","2040"
"863","1112"
"863","1278"
"863","2039"
"863","2040"
"863","2042"
"26","2125"
"1615","2035"
"1171","2126"
"2133","2131"
"2133","2132"
"2133","2134"
"2133","2135"
"2133","2136"
"2133","2137"
"26","2139"
"321","1095"
"555","1095"
"819","343"
"1234","2148"
"752","2153"
"752","2154"
"752","2155"
"752","2156"
"752","2157"
"752","2158"
"752","2159"
"752","2160"
"752","2161"
"752","2162"
"752","2163"
"752","2164"
"752","2165"
"752","2152"
"752","2166"
"752","2167"
"752","2168"
"752","2169"
"752","2170"
"752","2171"
"752","2172"
"752","2173"
"752","2174"
"752","2175"
"752","2176"
"752","2177"
"752","2178"
"752","2179"
"752","2180"
"752","2181"
"752","2182"
"752","2183"
"752","2184"
"752","2185"
"752","2186"
"752","2187"
"752","2188"
"752","2189"
"752","2191"
"752","2192"
"752","2193"
"752","2194"
"752","2195"
"752","2196"
"752","2197"
"752","2198"
"752","2199"
"752","2200"
"752","2202"
"752","2203"
"490","2248"
"752","2204"
"752","2205"
"752","2206"
"752","2207"
"752","2208"
"490","2251"
"752","2209"
"752","2210"
"752","2211"
"752","2212"
"752","2213"
"2251","2250"
"490","2252"
"752","2214"
"752","2215"
"752","2216"
"2262","2263"
"2262","2264"
"161","287"
"506","2262"
"182","287"
"752","2274"
"752","2275"
"752","2276"
"752","2277"
"752","2278"
"2280","2281"
"2282","2281"
"2283","2281"
"26","2285"
"2290","2289"
"516","529"
"1416","2296"
"2296","1411"
"2296","1412"
"2296","2297"
"2317","2316"
"2317","2315"
"1687","723"
"1166","1049"
"1166","1085"
"1166","1169"
"3336","3335"
"3336","1363"
"3336","3337"
"3336","1633"
"3336","3338"
"3336","1787"
"3336","3339"
"3336","3340"
"3341","3336"
"3341","2091"
"3341","1329"
"3341","1634"
"3341","1305"
"3341","595"
"26","3342"
"1398","3349"
"1398","3350"
"3349","1294"
"3349","1399"
"3349","1400"
"3349","2036"
"3349","3351"
"3349","3353"
"3349","3354"
"3349","3355"
"752","3356"
"752","3357"
"752","3358"
"752","3359"
"2059","3361"
"2059","3362"
"2059","3363"
"2059","3364"
"3350","3370"
"3370","487"
"3350","3371"
"3350","3372"
"752","1801"
"752","3360"
"3376","3374"
"3376","1534"
"362","3400"
"1232","3400"
"498","3400"
"3370","3410"
"3370","3411"
"3370","3412"
"3424","3423"
"3427","546"
"3427","677"
"3428","3426"
"3445","3436"
"3445","3437"
"3445","2047"
"3445","3444"
"2133","3452"
"3456","3454"
"3456","3455"
"1400","3462"
"3427","3428"
"1411","3464"
"1411","3465"
"2296","3467"
"1415","3468"
"1415","3466"
"1415","65"
"1415","533"
"1415","64"
"1415","3470"
"1415","3471"
"1415","3472"
"1415","3473"
"484","3410"
"3370","3366"
"3370","3368"
"3370","3369"
"1166","3332"
"3332","500"
"3332","499"
"3332","1559"
"1625","3485"
"1625","3486"
"1625","3487"
"1625","3488"
"1625","3489"
"3489","3490"
"3489","3491"
"1625","3494"
"3488","3492"
"3488","3493"
"3499","3500"
"3499","3501"
"3502","3503"
"3502","3504"
"2059","3365"
"1625","3508"
"1625","3510"
"3370","3513"
