,ENSG_ID,NCBI_ID,HGNC_ID,alias_symbol,gene_symbol,collision,source
24761,ENSG00000283293,125050,10037,7SK,RN7SK,7SK,ENSG
37365,ENSG00000057252,6646,11177,ACAT1,SOAT1,ACAT1,ENSG
17666,ENSG00000167780,8435,11178,ACAT2,SOAT2,ACAT2,ENSG
35063,ENSG00000004779,4706,7694,ACP1,NDUFAB1,ACP1,ENSG
47647,ENSG00000220267,0,141,ACTBP2,ACTBP8,ACTBP2,ENSG
40568,ENSG00000277104,6871,11531,ADA2,TADA2A,ADA2,ENSG
122385,ENSG00000276234,6871,11531,ADA2,TADA2A,ADA2,ENSG
66327,ENSG00000042980,10863,206,ADAM23,ADAM28,ADAM23,ENSG
21029,ENSG00000155897,114,239,ADCY3,ADCY8,ADCY3,ENSG
4464,ENSG00000171873,146,280,ADRA1A,ADRA1D,ADRA1A,ENSG
52642,ENSG00000172482,189,341,AGT,AGXT,AGT,ENSG
121437,ENSG00000175756,54998,24114,AIP,AURKAIP1,AIP,ENSG
21885,ENSG00000162433,205,363,AK3,AK4,AK3,ENSG
76072,ENSG00000147853,50808,17376,AK6,AK3,AK6,ENSG
75369,ENSG00000188878,85302,24674,ALB,FBF1,ALB,ENSG
20632,ENSG00000101986,215,61,AMN,ABCD1,AMN,ENSG
87768,ENSG00000163046,554226,35167,ANKRD30BP3,ANKRD30BL,ANKRD30BP3,ENSG
22831,ENSG00000176248,29882,19989,APC2,ANAPC2,APC2,ENSG
57830,ENSG00000125648,79085,19375,APC2,SLC25A23,APC2,ENSG
104364,ENSG00000084234,334,598,APPL2,APLP2,APPL2,ENSG
56199,ENSG00000165269,364,640,AQP9,AQP7,AQP9,ENSG
65205,ENSG00000109321,374,651,AR,AREG,AR,ENSG
31092,ENSG00000085662,231,381,AR,AKR1B1,AR,ENSG
62000,ENSG00000161513,2232,3642,AR,FDXR,AR,ENSG
90064,ENSG00000140939,8996,7869,ARC,NOL3,ARC,ENSG
104177,ENSG00000185829,51326,24096,ARF1P2,ARL17A,ARF1P2,ENSG
104179,ENSG00000185829,100506084,24096,ARF1P2,ARL17A,ARF1P2,ENSG
28404,ENSG00000242247,26286,661,ARFGAP1,ARFGAP3,ARFGAP1,ENSG
67184,ENSG00000142910,64129,19168,ARG1,TINAGL1,ARG1,ENSG
44374,ENSG00000107863,57584,23725,ARHGAP10,ARHGAP21,ARHGAP10,ENSG
31675,ENSG00000198074,57016,382,ARL1,AKR1B10,ARL1,ENSG
20979,ENSG00000126233,57152,18746,ARSB,SLURP1,ARSB,ENSG
55869,ENSG00000148498,56288,16051,ASIP,PARD3,ASIP,ENSG
97956,ENSG00000168621,2668,4232,ATF1,GDNF,ATF1,ENSG
97957,ENSG00000168621,2668,4232,ATF2,GDNF,ATF2,ENSG
125280,ENSG00000058668,493,817,ATP2B2,ATP2B4,ATP2B2,ENSG
78503,ENSG00000258597,390502,8985,ATR,SERPINA2,ATR,ENSG
34952,ENSG00000274821,390502,8985,ATR,SERPINA2,ATR,ENSG
76922,ENSG00000169604,84168,21014,ATR,ANTXR1,ATR,ENSG
128507,ENSG00000162711,114548,16400,AVP,NLRP3,AVP,ENSG
37543,ENSG00000174684,11041,15685,B3GNT6,B4GAT1,B3GNT6,ENSG
123803,ENSG00000175711,128966610,21727,B3GNT8,B3GNTL1,B3GNT8,ENSG
70303,ENSG00000277033,128966610,21727,B3GNT8,B3GNTL1,B3GNT8,ENSG
123802,ENSG00000175711,146712,21727,B3GNT8,B3GNTL1,B3GNT8,ENSG
70302,ENSG00000277033,146712,21727,B3GNT8,B3GNTL1,B3GNT8,ENSG
62773,ENSG00000136492,83990,20473,BACH1,BRIP1,BACH1,ENSG
128157,ENSG00000121481,6045,10061,BAP1,RNF2,BAP1,ENSG
98005,ENSG00000151276,9223,946,BAP1,MAGI1,BAP1,ENSG
29590,ENSG00000105552,587,977,BCAM,BCAT2,BCAM,ENSG
37883,ENSG00000258531,0,20252,BCRP1,BANF1P1,BCRP1,ENSG
37905,ENSG00000139990,8816,20224,BCRP2,DCAF5,BCRP2,ENSG
28467,ENSG00000072135,26469,9649,BDP1,PTPN18,BDP1,ENSG
51350,ENSG00000108684,40,99,BNC1,ASIC2,BNC1,ENSG
70666,ENSG00000198663,221477,21114,BRAP,C6orf89,BRAP,ENSG
94661,ENSG00000035499,55789,24902,BRCC3,DEPDC1B,BRCC3,ENSG
94260,ENSG00000185650,677,1107,BRF1,ZFP36L1,BRF1,ENSG
120557,ENSG00000152518,678,1108,BRF2,ZFP36L2,BRF2,ENSG
37302,ENSG00000135916,81618,6175,BRI3,ITM2C,BRI3,ENSG
42820,ENSG00000100916,84312,20512,BRMS1,BRMS1L,BRMS1,ENSG
62436,ENSG00000197121,80055,25712,BST1,PGAP1,BST1,ENSG
53110,ENSG00000111801,10384,1140,BTF3,BTN3A3,BTF3,ENSG
93984,ENSG00000235718,83552,18121,C1QTNF5,MFRP,C1QTNF5,ENSG
52373,ENSG00000204128,257407,27418,C2ORF72,C2orf72,C2ORF72,ENSG
73229,ENSG00000244207,720,1323,C4B,C4A,C4B,ENSG
79502,ENSG00000227746,720,1323,C4B,C4A,C4B,ENSG
73239,ENSG00000244207,110384692,1323,C4B,C4A,C4B,ENSG
74510,ENSG00000206340,720,1323,C4B,C4A,C4B,ENSG
74520,ENSG00000206340,110384692,1323,C4B,C4A,C4B,ENSG
77740,ENSG00000244731,720,1323,C4B,C4A,C4B,ENSG
77750,ENSG00000244731,110384692,1323,C4B,C4A,C4B,ENSG
79512,ENSG00000227746,110384692,1323,C4B,C4A,C4B,ENSG
5425,ENSG00000101182,5688,9536,C6,PSMA7,C6,ENSG
55774,ENSG00000169245,3627,10637,C7,CXCL10,C7,ENSG
76825,ENSG00000169605,56287,23217,CA11,GKN1,CA11,ENSG
6696,ENSG00000169906,795,1436,CABP1,S100G,CABP1,ENSG
24737,ENSG00000167080,124872,24136,CAD,B4GALNT2,CAD,ENSG
18023,ENSG00000102794,730249,33904,CAD,ACOD1,CAD,ENSG
61741,ENSG00000169598,1677,2773,CAD,DFFB,CAD,ENSG
12970,ENSG00000198824,283489,20311,CAMP,CHAMP1,CAMP,ENSG
17716,ENSG00000052344,5652,9491,CAP1,PRSS8,CAP1,ENSG
116984,ENSG00000137648,56649,11878,CAP2,TMPRSS4,CAP2,ENSG
32137,ENSG00000166401,5271,8952,CAP2,SERPINB8,CAP2,ENSG
16189,ENSG00000163618,8618,1426,CAPS,CADPS,CAPS,ENSG
101266,ENSG00000081803,93664,16018,CAPS2,CADPS2,CAPS2,ENSG
26991,ENSG00000240849,387521,16735,CARF,PEDS1,CARF,ENSG
27460,ENSG00000168564,55602,24325,CARF,CDKN2AIP,CARF,ENSG
109268,ENSG00000187672,26059,31922,CAST,ERC2,CAST,ENSG
64049,ENSG00000117877,10849,24219,CAST,POLR1G,CAST,ENSG
58435,ENSG00000139428,326625,19331,CBLB,MMAB,CBLB,ENSG
47114,ENSG00000132763,25974,24525,CBLC,MMACHC,CBLC,ENSG
33667,ENSG00000145386,890,1578,CCN1,CCNA2,CCN1,ENSG
119863,ENSG00000073111,4171,6944,CCNL1,MCM2,CCNL1,ENSG
68523,ENSG00000144648,1238,1565,CCR10,ACKR2,CCR10,ENSG
29259,ENSG00000113300,57472,14099,CCR4,CNOT6,CCR4,ENSG
68524,ENSG00000144648,1238,1565,CCR9,ACKR2,CCR9,ENSG
76011,ENSG00000289746,445347,,CD3G,TARP,CD3G,ENSG
76007,ENSG00000211689,445347,12275,CD3G,TRGC1,CD3G,ENSG
63047,ENSG00000105325,51343,24824,CDH1,FZR1,CDH1,ENSG
60208,ENSG00000253953,8641,8711,CDH20,PCDHGB4,CDH20,ENSG
46327,ENSG00000129910,1013,1754,CDH3,CDH15,CDH3,ENSG
4499,ENSG00000101542,28316,1760,CDH7,CDH20,CDH7,ENSG
4592,ENSG00000071991,28513,1758,CDH7,CDH19,CDH7,ENSG
27816,ENSG00000205643,150383,33710,CDKN1A,CDPF1,CDKN1A,ENSG
45868,ENSG00000183765,11200,16627,CDS1,CHEK2,CDS1,ENSG
105583,ENSG00000226982,0,1855,CENPC,CENPCP1,CENPC,ENSG
34234,ENSG00000262243,1066,1863,CES2,CES1,CES2,ENSG
99261,ENSG00000198848,1066,1863,CES2,CES1,CES2,ENSG
15651,ENSG00000124177,84181,19057,CHD5,CHD6,CHD5,ENSG
26896,ENSG00000182093,7485,12790,CHD5,GET1,CHD5,ENSG
106040,ENSG00000013573,1663,2736,CHL1,DDX11,CHL1,ENSG
21851,ENSG00000110172,26973,14525,CHP1,CHORDC1,CHP1,ENSG
30187,ENSG00000285023,26973,14525,CHP1,CHORDC1,CHP1,ENSG
18165,ENSG00000100075,6576,10979,CIC,SLC25A1,CIC,ENSG
4124,ENSG00000102554,688,6349,CKLF,KLF5,CKLF,ENSG
47784,ENSG00000175505,23529,17412,CLC,CLCF1,CLC,ENSG
97695,ENSG00000057019,131566,24627,CLCP1,DCBLD2,CLCP1,ENSG
5152,ENSG00000159212,54102,2065,CLIC5,CLIC6,CLIC5,ENSG
5688,ENSG00000160185,53347,12462,CLIP4,UBASH3A,CLIP4,ENSG
50484,ENSG00000163273,4880,7941,CNP,NPPC,CNP,ENSG
89854,ENSG00000204967,56144,8670,CNR1,PCDHA4,CNR1,ENSG
19556,ENSG00000291652,56144,8670,CNR1,PCDHA4,CNR1,ENSG
19580,ENSG00000291654,56142,8672,CNR2,PCDHA6,CNR2,ENSG
38862,ENSG00000081842,56142,8672,CNR2,PCDHA6,CNR2,ENSG
118789,ENSG00000204397,114769,33701,COP1,CARD16,COP1,ENSG
37461,ENSG00000128510,51200,15740,CPA3,CPA4,CPA3,ENSG
18294,ENSG00000255974,1548,2610,CPA6,CYP2A6,CPA6,ENSG
16772,ENSG00000103942,9455,17513,CPD,HOMER2,CPD,ENSG
14752,ENSG00000214078,8904,2314,CPN1,CPNE1,CPN1,ENSG
24930,ENSG00000160882,1584,2591,CPN1,CYP11B1,CPN1,ENSG
20898,ENSG00000179142,1585,2592,CPN2,CYP11B2,CPN2,ENSG
43600,ENSG00000140848,221184,2315,CPN2,CPNE2,CPN2,ENSG
119380,ENSG00000080819,1371,2321,CPO,CPOX,CPO,ENSG
71949,ENSG00000233151,1589,2600,CPS1,CYP21A2,CPS1,ENSG
79649,ENSG00000235134,1589,2600,CPS1,CYP21A2,CPS1,ENSG
52563,ENSG00000231852,1589,2600,CPS1,CYP21A2,CPS1,ENSG
76353,ENSG00000206338,1589,2600,CPS1,CYP21A2,CPS1,ENSG
71854,ENSG00000232414,1589,2600,CPS1,CYP21A2,CPS1,ENSG
89639,ENSG00000198457,1589,2600,CPS1,CYP21A2,CPS1,ENSG
128251,ENSG00000162877,148811,26518,CPS1,PM20D1,CPS1,ENSG
61189,ENSG00000143578,148327,18854,CREB3,CREB3L4,CREB3,ENSG
121338,ENSG00000119865,25927,24546,CRIP1,CNRIP1,CRIP1,ENSG
49474,ENSG00000224530,0,9264,CRP,PPIAP10,CRP,ENSG
6969,ENSG00000166200,9318,30747,CSN2,COPS2,CSN2,ENSG
24081,ENSG00000141030,8533,2239,CSN3,COPS3,CSN3,ENSG
48105,ENSG00000070770,1459,2459,CSNK2A1,CSNK2A2,CSNK2A1,ENSG
16941,ENSG00000160213,1476,2482,CST6,CSTB,CST6,ENSG
91232,ENSG00000103381,55313,25632,CSTP1,CPPED1,CSTP1,ENSG
63587,ENSG00000288422,445328,33846,CTAGE4,ARHGEF35,CTAGE4,ENSG
63791,ENSG00000213214,445328,33846,CTAGE4,ARHGEF35,CTAGE4,ENSG
107578,ENSG00000019102,23584,17149,CTH,VSIG2,CTH,ENSG
76129,ENSG00000143387,1513,2536,CTSO,CTSK,CTSO,ENSG
96929,ENSG00000290611,22952,,CYP2G2P,CYP2G1P,CYP2G2P,ENSG
40915,ENSG00000002726,26,80,DAO,AOC1,DAO,ENSG
76244,ENSG00000121351,3375,5329,DAP,IAPP,DAP,ENSG
126646,ENSG00000123992,23549,2981,DAP,DNPEP,DAP,ENSG
17876,ENSG00000116544,58512,30368,DAP3,DLGAP3,DAP3,ENSG
5161,ENSG00000100300,706,1158,DBI,TSPO,DBI,ENSG
68761,ENSG00000145321,2638,4187,DBP,GC,DBP,ENSG
58742,ENSG00000133835,3295,5213,DBP,HSD17B4,DBP,ENSG
109797,ENSG00000233614,0,14125,DDX11L1,DDX11L10,DDX11L1,ENSG
29345,ENSG00000285136,1671,2765,DEF6,DEFA6,DEF6,ENSG
81019,ENSG00000164822,1671,2765,DEF6,DEFA6,DEF6,ENSG
17201,ENSG00000101191,11083,2680,DIO1,DIDO1,DIO1,ENSG
42957,ENSG00000008226,9940,2899,DLC1,DLEC1,DLC1,ENSG
44586,ENSG00000088986,8655,15476,DLC1,DYNLL1,DLC1,ENSG
42300,ENSG00000126787,9787,16864,DLG1,DLGAP5,DLG1,ENSG
73199,ENSG00000108852,4355,7220,DLG2,MPP2,DLG2,ENSG
97882,ENSG00000161647,4356,7221,DLG3,MPP3,DLG3,ENSG
114102,ENSG00000131899,3996,6628,DLG4,LLGL1,DLG4,ENSG
62409,ENSG00000167861,283987,15736,DMC1,HID1,DMC1,ENSG
39945,ENSG00000135164,9988,14603,DMP1,DMTF1,DMP1,ENSG
29950,ENSG00000007174,1770,2953,DNAL1,DNAH9,DNAL1,ENSG
113799,ENSG00000111339,420,726,DOK1,ART4,DOK1,ENSG
116565,ENSG00000131037,54869,21295,DRC3,EPS8L1,DRC3,ENSG
30315,ENSG00000104419,10397,7679,DRG1,NDRG1,DRG1,ENSG
6574,ENSG00000092964,1808,3014,DRP2,DPYSL2,DRP2,ENSG
12143,ENSG00000134762,1825,3037,DSC1,DSC3,DSC1,ENSG
12144,ENSG00000134762,1825,3037,DSC2,DSC3,DSC2,ENSG
39530,ENSG00000134755,1824,3036,DSC3,DSC2,DSC3,ENSG
78708,ENSG00000081721,11266,3067,DUSP1,DUSP12,DUSP1,ENSG
51187,ENSG00000110536,114971,26965,DUSP23,PTPMT1,DUSP23,ENSG
55186,ENSG00000188542,285193,33237,DUSP26,DUSP28,DUSP26,ENSG
88646,ENSG00000280757,0,3082,DUX4,DUX4L1,DUX4,ENSG
126600,ENSG00000178028,55929,18291,EAF2,DMAP1,EAF2,ENSG
121731,ENSG00000170266,2720,4298,EBP,GLB1,EBP,ENSG
91916,ENSG00000109686,152503,30418,EBP,SH3D19,EBP,ENSG
58989,ENSG00000292165,152503,30418,EBP,SH3D19,EBP,ENSG
72988,ENSG00000127922,7979,10845,ECD,SEM1,ECD,ENSG
35686,ENSG00000134001,1965,3265,EIF2A,EIF2S1,EIF2A,ENSG
12551,ENSG00000242372,3692,6159,EIF3A,EIF6,EIF3A,ENSG
87044,ENSG00000130165,84337,28691,ELF1,ELOF1,ELF1,ENSG
50667,ENSG00000089558,23415,6253,ELK1,KCNH4,ELK1,ENSG
13587,ENSG00000183960,131096,18864,ELK3,KCNH8,ELK3,ENSG
36577,ENSG00000259120,100130933,40032,ELN,SMIM6,ELN,ENSG
124949,ENSG00000082898,7514,12825,EMB,XPO1,EMB,ENSG
39580,ENSG00000173269,79812,19888,EMILIN3,MMRN2,EMILIN3,ENSG
15359,ENSG00000102265,7076,11820,EPO,TIMP1,EPO,ENSG
38515,ENSG00000121053,8288,3423,EPO,EPX,EPO,ENSG
91389,ENSG00000120705,2107,3477,ERF,ETF1,ERF,ENSG
61048,ENSG00000106462,2146,3527,EZH1,EZH2,EZH1,ENSG
66591,ENSG00000170949,90338,12948,F11,ZNF160,F11,ENSG
105807,ENSG00000018236,1272,2171,F3,CNTN1,F3,ENSG
11799,ENSG00000103089,79152,21197,FAAH,FA2H,FAAH,ENSG
3995,ENSG00000236972,0,31059,FABP5,FABP5P1,FABP5,ENSG
60886,ENSG00000240122,0,19328,FABP5P1,FABP5P11,FABP5P1,ENSG
38015,ENSG00000149485,3992,3574,FADS6,FADS1,FADS6,ENSG
76722,ENSG00000187741,2175,3582,FAH,FANCA,FAH,ENSG
65984,ENSG00000169710,2194,3594,FAS,FASN,FAS,ENSG
76089,ENSG00000088247,8570,6316,FBP2,KHSRP,FBP2,ENSG
22329,ENSG00000112029,26271,13584,FBXO31,FBXO5,FBXO31,ENSG
123312,ENSG00000162746,127943,26431,FCRL2,FCRLB,FCRL2,ENSG
78605,ENSG00000132185,84824,18504,FCRLB,FCRLA,FCRLB,ENSG
18558,ENSG00000145780,56929,16933,FEM1A,FEM1C,FEM1A,ENSG
83824,ENSG00000061337,11178,13861,FEZ1,LZTS1,FEZ1,ENSG
68718,ENSG00000129682,2258,3670,FGF2,FGF13,FGF2,ENSG
118508,ENSG00000000971,3075,4883,FHL1,CFH,FHL1,ENSG
105108,ENSG00000141756,60681,18169,FKBP6,FKBP10,FKBP6,ENSG
116940,ENSG00000119782,2281,3712,FKBP9,FKBP1B,FKBP9,ENSG
70344,ENSG00000077782,2260,3688,FLG,FGFR1,FLG,ENSG
70681,ENSG00000284571,2314,3750,FLI1,FLII,FLI1,ENSG
108964,ENSG00000177731,2314,3750,FLI1,FLII,FLI1,ENSG
38997,ENSG00000076258,2329,3772,FMO2,FMO4,FMO2,ENSG
61825,ENSG00000188763,8326,4047,FZD3,FZD9,FZD3,ENSG
41345,ENSG00000101464,128869,15791,GAB1,PIGU,GAB1,ENSG
80024,ENSG00000235720,0,4072,GABPB1,GABPAP,GABPB1,ENSG
101958,ENSG00000104064,2553,4074,GABPB2,GABPB1,GABPB2,ENSG
43465,ENSG00000197487,85569,24840,GAL,GALP,GAL,ENSG
37071,ENSG00000175229,89792,24144,GAL3ST2,GAL3ST3,GAL3ST2,ENSG
8718,ENSG00000110328,374378,30488,GALNT15,GALNT18,GALNT15,ENSG
113845,ENSG00000106648,168391,21725,GALNT15,GALNTL5,GALNT15,ENSG
85397,ENSG00000174473,442117,33844,GALNT17,GALNTL6,GALNT17,ENSG
102422,ENSG00000131386,117248,21531,GALNT7,GALNT15,GALNT7,ENSG
57499,ENSG00000070729,1258,2151,GAR1,CNGB1,GAR1,ENSG
131106,ENSG00000291137,2630,,GC,GBA1LP,GC,ENSG
25829,ENSG00000168067,5871,6864,GCK,MAP4K2,GCK,ENSG
46110,ENSG00000012983,11183,6867,GCKR,MAP4K5,GCKR,ENSG
85868,ENSG00000263155,100820829,43444,GCOM1,MYZAP,GCOM1,ENSG
81454,ENSG00000122912,8034,10986,GDA,SLC25A16,GDA,ENSG
53441,ENSG00000122133,5047,8573,GDA,PAEP,GDA,ENSG
47788,ENSG00000112312,51053,17493,GEM,GMNN,GEM,ENSG
68569,ENSG00000173918,114897,14324,GIP,C1QTNF1,GIP,ENSG
13639,ENSG00000114353,2771,4385,GIP,GNAI2,GIP,ENSG
22532,ENSG00000131233,81025,19155,GJA10,GJA9,GJA10,ENSG
78817,ENSG00000159248,57369,19154,GJA9,GJD2,GJA9,ENSG
120189,ENSG00000183153,125111,19147,GJC1,GJD3,GJC1,ENSG
39176,ENSG00000176402,349149,17495,GJE1,GJC3,GJE1,ENSG
13752,ENSG00000156958,2585,4119,GK2,GALK2,GK2,ENSG
14948,ENSG00000291479,9027,18069,GLA,NAT8,GLA,ENSG
56816,ENSG00000144035,9027,18069,GLA,NAT8,GLA,ENSG
123147,ENSG00000135423,27165,29570,GLS,GLS2,GLS,ENSG
10184,ENSG00000182771,2894,4575,GLUD1,GRID1,GLUD1,ENSG
65837,ENSG00000152208,2895,4576,GLUD2,GRID2,GLUD2,ENSG
76365,ENSG00000111711,51026,20175,GOT1,GOLT1B,GOT1,ENSG
92927,ENSG00000174567,127845,24766,GOT1,GOLT1A,GOT1,ENSG
97705,ENSG00000113552,10007,4417,GPI,GNPDA1,GPI,ENSG
77073,ENSG00000172269,1798,2995,GPT,DPAGT1,GPT,ENSG
25993,ENSG00000116157,2882,4559,GPX6,GPX7,GPX6,ENSG
74704,ENSG00000105737,2901,4583,GRIK2,GRIK5,GRIK2,ENSG
46481,ENSG00000169258,114787,24835,GRIN1,GPRIN1,GRIN1,ENSG
43960,ENSG00000133317,85329,15788,GRIP1,LGALS12,GRIP1,ENSG
20377,ENSG00000140396,10499,7669,GRIP1,NCOA2,GRIP1,ENSG
111577,ENSG00000119862,29094,25012,GRP,LGALSL,GRP,ENSG
57875,ENSG00000165623,221044,25205,GRP,UCMA,GRP,ENSG
41143,ENSG00000153339,22878,29169,GSG1,TRAPPC8,GSG1,ENSG
13449,ENSG00000171867,5621,9449,GSS,PRNP,GSS,ENSG
102662,ENSG00000293241,100093631,,GTF2I,GTF2IP4,GTF2I,ENSG
23624,ENSG00000291796,328,587,HAP1,APEX1,HAP1,ENSG
21686,ENSG00000100823,328,587,HAP1,APEX1,HAP1,ENSG
7875,ENSG00000125821,92675,16219,HARS2,DTD1,HARS2,ENSG
25909,ENSG00000088205,8886,2741,HAS1,DDX18,HAS1,ENSG
117365,ENSG00000241388,283460,26785,HAS1,HNF1A-AS1,HAS1,ENSG
74395,ENSG00000103740,23205,29567,HBG1,ACSBG1,HBG1,ENSG
104291,ENSG00000162337,4041,6697,HBM,LRP5,HBM,ENSG
132663,ENSG00000227735,0,24416,HCP5,CYCSP5,HCP5,ENSG
104194,ENSG00000163606,131450,24235,HCRTR2,CD200R1,HCRTR2,ENSG
66472,ENSG00000164414,10559,11021,HCST,SLC35A1,HCST,ENSG
104110,ENSG00000112406,51696,21041,HDC,HECA,HDC,ENSG
13742,ENSG00000160221,8209,1273,HES1,GATD3,HES1,ENSG
74976,ENSG00000136244,3569,6018,HGF,IL6,HGF,ENSG
104038,ENSG00000115904,6654,11187,HGF,SOS1,HGF,ENSG
49537,ENSG00000182255,3739,6222,HK1,KCNA4,HK1,ENSG
114510,ENSG00000134709,51361,19884,HK1,HOOK1,HK1,ENSG
79625,ENSG00000068796,3796,6318,HK2,KIF2A,HK2,ENSG
48530,ENSG00000095066,29911,19885,HK2,HOOK2,HK2,ENSG
7687,ENSG00000130037,3741,6224,HK2,KCNA5,HK2,ENSG
72284,ENSG00000168172,84376,23576,HK3,HOOK3,HK3,ENSG
100750,ENSG00000010704,3077,4886,HLA-H,HFE,HLA-H,ENSG
20279,ENSG00000116016,2034,3374,HLF,EPAS1,HLF,ENSG
29292,ENSG00000288673,10395,2897,HP,DLC1,HP,ENSG
80226,ENSG00000164741,10395,2897,HP,DLC1,HP,ENSG
116240,ENSG00000141837,773,1388,HPCA,CACNA1A,HPCA,ENSG
108738,ENSG00000167766,55769,13158,HPF1,ZNF83,HPF1,ENSG
76361,ENSG00000157168,3084,7997,HRG,NRG1,HRG,ENSG
103938,ENSG00000067596,1659,2749,HRH1,DHX8,HRH1,ENSG
6490,ENSG00000109606,1665,2738,HRH2,DHX15,HRH2,ENSG
34329,ENSG00000162040,64711,14178,HS3ST5,HS3ST6,HS3ST5,ENSG
70069,ENSG00000276333,64711,14178,HS3ST5,HS3ST6,HS3ST5,ENSG
37767,ENSG00000221200,100302208,35318,HSA-MIR-1253,MIR1253,HSA-MIR-1253,ENSG
16415,ENSG00000283935,494335,31880,HSA-MIR-423,MIR423,HSA-MIR-423,ENSG
94088,ENSG00000290439,158160,28120,HSD17B7,HSD17B7P2,HSD17B7,ENSG
68516,ENSG00000099251,0,28120,HSD17B7,HSD17B7P2,HSD17B7,ENSG
59075,ENSG00000149260,726,1482,HTRA3,CAPN5,HTRA3,ENSG
12627,ENSG00000108576,6532,11050,HTT,SLC6A4,HTT,ENSG
125400,ENSG00000276975,0,33129,HYDINP1,HYDIN2,HYDINP1,ENSG
61895,ENSG00000197919,3439,5417,IFNA13,IFNA1,IFNA13,ENSG
102130,ENSG00000104783,3783,6293,IK,KCNN4,IK,ENSG
10167,ENSG00000074842,56005,16948,IL25,MYDGF,IL25,ENSG
7835,ENSG00000172458,53342,5984,IL27,IL17D,IL27,ENSG
10168,ENSG00000074842,56005,16948,IL27,MYDGF,IL27,ENSG
10259,ENSG00000136231,10643,28868,IMP3,IGF2BP3,IMP3,ENSG
65226,ENSG00000138600,84888,30227,IMP3,SPPL2A,IMP3,ENSG
27726,ENSG00000196497,79711,19426,IMP4,IPO4,IMP4,ENSG
6903,ENSG00000285248,79711,19426,IMP4,IPO4,IMP4,ENSG
45834,ENSG00000005206,56928,30627,IMP4,SPPL2B,IMP4,ENSG
73800,ENSG00000293133,27160,,ING2,INGX,ING2,ENSG
73645,ENSG00000243468,0,6064,ING2,INGX,ING2,ENSG
75475,ENSG00000165688,23203,18667,INPP5E,PMPCA,INPP5E,ENSG
37145,ENSG00000162814,128153,25184,IQCH,SPATA17,IQCH,ENSG
66995,ENSG00000172780,339122,19983,ISY1,RAB43,ISY1,ENSG
98552,ENSG00000171121,27094,6287,KCNMB2,KCNMB3,KCNMB2,ENSG
112381,ENSG00000189120,80320,14530,KLF14,SP6,KLF14,ENSG
9692,ENSG00000122550,55975,15646,KLHL6,KLHL7,KLHL6,ENSG
75483,ENSG00000164344,3818,6371,KLK3,KLKB1,KLK3,ENSG
27590,ENSG00000167748,3816,6357,KLK6,KLK1,KLK6,ENSG
79467,ENSG00000167755,5653,6367,KLK7,KLK6,KLK7,ENSG
82650,ENSG00000025800,23633,6399,KPNA7,KPNA6,KPNA7,ENSG
98929,ENSG00000205420,3853,6443,KRT6C,KRT6A,KRT6C,ENSG
69982,ENSG00000254997,3846,23604,KRTAP5-1,KRTAP5-9,KRTAP5-1,ENSG
102792,ENSG00000185940,439915,23601,KRTAP5-11,KRTAP5-5,KRTAP5-11,ENSG
4318,ENSG00000291443,439915,23601,KRTAP5-11,KRTAP5-5,KRTAP5-11,ENSG
29609,ENSG00000278302,439915,23601,KRTAP5-11,KRTAP5-5,KRTAP5-11,ENSG
30087,ENSG00000277291,439915,23601,KRTAP5-11,KRTAP5-5,KRTAP5-11,ENSG
69978,ENSG00000241233,57830,23603,KRTAP5-2,KRTAP5-8,KRTAP5-2,ENSG
69976,ENSG00000244411,440050,23602,KRTAP5-3,KRTAP5-7,KRTAP5-3,ENSG
85344,ENSG00000204571,440051,23606,KRTAP5-6,KRTAP5-11,KRTAP5-6,ENSG
30056,ENSG00000278489,440021,23597,KRTAP5-8,KRTAP5-2,KRTAP5-8,ENSG
50143,ENSG00000205867,440021,23597,KRTAP5-8,KRTAP5-2,KRTAP5-8,ENSG
4309,ENSG00000291434,440021,23597,KRTAP5-8,KRTAP5-2,KRTAP5-8,ENSG
29644,ENSG00000281533,440021,23597,KRTAP5-8,KRTAP5-2,KRTAP5-8,ENSG
30071,ENSG00000275920,387266,23598,KRTAP5-9,KRTAP5-3,KRTAP5-9,ENSG
50153,ENSG00000196224,387266,23598,KRTAP5-9,KRTAP5-3,KRTAP5-9,ENSG
29642,ENSG00000281191,387266,23598,KRTAP5-9,KRTAP5-3,KRTAP5-9,ENSG
4311,ENSG00000291435,387266,23598,KRTAP5-9,KRTAP5-3,KRTAP5-9,ENSG
5614,ENSG00000149970,22866,19701,KSR2,CNKSR2,KSR2,ENSG
20785,ENSG00000112769,3910,6484,LAMA3,LAMA4,LAMA3,ENSG
33217,ENSG00000135862,3915,6492,LAMB2,LAMC1,LAMB2,ENSG
19790,ENSG00000169682,83985,30621,LAT,SPNS1,LAT,ENSG
65192,ENSG00000092068,23428,11066,LAT2,SLC7A8,LAT2,ENSG
80968,ENSG00000186577,221491,1340,LBH,SMIM29,LBH,ENSG
40511,ENSG00000092203,9878,20161,LCP1,TOX4,LCP1,ENSG
6790,ENSG00000169744,9079,6533,LDB1,LDB2,LDB1,ENSG
42230,ENSG00000131981,3958,6563,LGALS2,LGALS3,LGALS2,ENSG
58525,ENSG00000187416,375612,6589,LHFPL4,LHFPL3,LHFPL4,ENSG
50861,ENSG00000144749,26018,17360,LIG1,LRIG1,LIG1,ENSG
119124,ENSG00000168515,10648,18395,LIPA,SCGB1D1,LIPA,ENSG
31610,ENSG00000144320,80856,21610,LNP1,LNPK,LNP1,ENSG
72301,ENSG00000197223,10438,29911,LRP1,C1D,LRP1,ENSG
68887,ENSG00000186352,353322,29593,LRP2BP,ANKRD37,LRP2BP,ENSG
8257,ENSG00000145244,10699,19012,LRP4,CORIN,LRP4,ENSG
117142,ENSG00000284922,220074,25033,LRRC51,LRTOMT,LRRC51,ENSG
86780,ENSG00000077454,4034,6691,LRRN1,LRCH4,LRRN1,ENSG
81691,ENSG00000168056,4054,6716,LTBP2,LTBP3,LTBP2,ENSG
7406,ENSG00000119681,4053,6715,LTBP3,LTBP2,LTBP3,ENSG
69803,ENSG00000240008,259215,13933,LY6G6D,LY6G6F,LY6G6D,ENSG
76617,ENSG00000243003,259215,13933,LY6G6D,LY6G6F,LY6G6D,ENSG
73258,ENSG00000240957,259215,13933,LY6G6D,LY6G6F,LY6G6D,ENSG
71387,ENSG00000239741,259215,13933,LY6G6D,LY6G6F,LY6G6D,ENSG
77640,ENSG00000243804,259215,13933,LY6G6D,LY6G6F,LY6G6D,ENSG
88010,ENSG00000241822,259215,13933,LY6G6D,LY6G6F,LY6G6D,ENSG
37564,ENSG00000204424,259215,13933,LY6G6D,LY6G6F,LY6G6D,ENSG
131521,ENSG00000228063,643723,50560,LYPLAL1-AS1,LYPLAL1-DT,LYPLAL1-AS1,ENSG
66452,ENSG00000140374,2108,3481,MADD,ETFA,MADD,ENSG
36685,ENSG00000139187,10219,6380,MAFA,KLRG1,MAFA,ENSG
113334,ENSG00000265688,92659,43649,MAFG-AS1,MILIP,MAFG-AS1,ENSG
64060,ENSG00000104884,2068,3434,MAG,ERCC2,MAG,ENSG
42197,ENSG00000183305,4101,19340,MAGEA2,MAGEA2B,MAGEA2,ENSG
69190,ENSG00000292187,266740,19340,MAGEA2,MAGEA2B,MAGEA2,ENSG
69187,ENSG00000292187,4101,19340,MAGEA2,MAGEA2B,MAGEA2,ENSG
42200,ENSG00000183305,266740,19340,MAGEA2,MAGEA2B,MAGEA2,ENSG
12019,ENSG00000046774,51438,13574,MAGEE1,MAGEC2,MAGEE1,ENSG
20090,ENSG00000153721,154043,23034,MAGI1,CNKSR3,MAGI1,ENSG
30996,ENSG00000136383,57538,17574,MAK,ALPK3,MAK,ENSG
36966,ENSG00000196588,57591,14334,MAL,MRTFA,MAL,ENSG
106804,ENSG00000150455,114609,17192,MAL,TIRAP,MAL,ENSG
86067,ENSG00000164024,23173,15789,MAP1A,METAP1,MAP1A,ENSG
25197,ENSG00000111142,10988,16672,MAP2,METAP2,MAP2,ENSG
87091,ENSG00000105819,9512,9119,MAS1,PMPCB,MAS1,ENSG
118944,ENSG00000074054,23332,17088,MAST1,CLASP1,MAST1,ENSG
40090,ENSG00000186652,5553,9362,MBP,PRG2,MBP,ENSG
25509,ENSG00000165471,4153,6922,MBP,MBL2,MBP,ENSG
95559,ENSG00000166508,4176,6950,MCM2,MCM7,MCM2,ENSG
129267,ENSG00000270920,0,49631,MCRIP2P1,MCRIP2P2,MCRIP2P1,ENSG
19721,ENSG00000291684,57717,14546,ME1,PCDHB16,ME1,ENSG
64924,ENSG00000272674,57717,14546,ME1,PCDHB16,ME1,ENSG
7480,ENSG00000075275,9620,1850,ME2,CELSR1,ME2,ENSG
64933,ENSG00000197479,56125,8682,ME2,PCDHB11,ME2,ENSG
19742,ENSG00000291690,56125,8682,ME2,PCDHB11,ME2,ENSG
60168,ENSG00000253485,56110,8703,ME3,PCDHGA5,ME3,ENSG
85414,ENSG00000129071,8930,6919,MED1,MBD4,MED1,ENSG
37148,ENSG00000148297,6837,11477,MED24,MED22,MED24,ENSG
12465,ENSG00000281022,6837,11477,MED24,MED22,MED24,ENSG
24650,ENSG00000141026,55090,25487,MED25,MED9,MED25,ENSG
114088,ENSG00000179277,0,7002,MEIS3,MEIS3P1,MEIS3,ENSG
7178,ENSG00000137776,79811,20709,MET,SLTM,MET,ENSG
36665,ENSG00000257335,8972,7043,MGA,MGAM,MGA,ENSG
63127,ENSG00000282607,8972,7043,MGA,MGAM,MGA,ENSG
80109,ENSG00000124003,116255,18210,MGAT1,MOGAT1,MGAT1,ENSG
23560,ENSG00000166391,80168,23248,MGAT2,MOGAT2,MGAT2,ENSG
17074,ENSG00000106384,346606,23249,MGAT3,MOGAT3,MGAT3,ENSG
85783,ENSG00000186710,387885,37100,MIA2,CFAP73,MIA2,ENSG
11622,ENSG00000105141,23581,1502,MICE,CASP14,MICE,ENSG
47907,ENSG00000285025,127898561,,MIEF1,MIURF,MIEF1,ENSG
120673,ENSG00000163220,6280,10499,MIF,S100A9,MIF,ENSG
72972,ENSG00000104899,268,464,MIF,AMH,MIF,ENSG
59668,ENSG00000083312,3842,6401,MIP,TNPO1,MIP,ENSG
2802,ENSG00000027001,4285,7104,MIP,MIPEP,MIP,ENSG
650,ENSG00000274847,727764,31102,MIP,MAFIP,MIP,ENSG
38146,ENSG00000283441,100616134,41640,MIR499A,MIR499B,MIR499A,ENSG
35126,ENSG00000168530,4632,7582,MLC1,MYL1,MLC1,ENSG
8632,ENSG00000227877,100507027,48649,MLN,MRLN,MLN,ENSG
106640,ENSG00000008516,64386,14246,MMP20,MMP25,MMP20,ENSG
132475,ENSG00000215914,0,7170,MMP21,MMP23A,MMP21,ENSG
5524,ENSG00000075643,55034,18234,MOS,MOCOS,MOS,ENSG
73321,ENSG00000072201,84708,6657,MPDZ,LNX1,MPDZ,ENSG
100482,ENSG00000138182,9585,7212,MPP1,KIF20B,MPP1,ENSG
101285,ENSG00000111206,2305,3818,MPP2,FOXM1,MPP2,ENSG
100680,ENSG00000129351,3609,6038,MPP4,ILF3,MPP4,ENSG
17132,ENSG00000159259,8208,1911,MPP7,CHAF1B,MPP7,ENSG
20196,ENSG00000182154,64975,14492,MRPL27,MRPL41,MRPL27,ENSG
53810,ENSG00000061794,60488,16635,MRPS28,MRPS35,MRPS28,ENSG
11891,ENSG00000147586,28957,14513,MRPS35,MRPS28,MRPS35,ENSG
53455,ENSG00000071203,54860,13370,MS4A10,MS4A12,MS4A10,ENSG
53522,ENSG00000110079,51338,13371,MS4A7,MS4A4A,MS4A7,ENSG
23841,ENSG00000166927,58475,13378,MS4A8,MS4A7,MS4A8,ENSG
4649,ENSG00000125870,6629,11155,MSL1,SNRPB2,MSL1,ENSG
56000,ENSG00000101109,6789,11408,MST1,STK4,MST1,ENSG
55485,ENSG00000183918,4068,10820,MTCP1,SH2D1A,MTCP1,ENSG
99888,ENSG00000163975,4241,7037,MTF1,MELTF,MTF1,ENSG
45914,ENSG00000196132,4661,7622,MTF1,MYT1,MTF1,ENSG
53994,ENSG00000276876,4661,7622,MTF1,MYT1,MTF1,ENSG
4807,ENSG00000235647,0,54774,MTFR2P1,MTFR2P2,MTFR2P1,ENSG
48776,ENSG00000104643,66036,14596,MTMR8,MTMR9,MTMR8,ENSG
28780,ENSG00000285032,66036,14596,MTMR8,MTMR9,MTMR8,ENSG
96,ENSG00000210196,0,7494,MTTP,MT-TP,MTTP,ENSG
50301,ENSG00000078814,57644,15906,MYH14,MYH7B,MYH14,ENSG
71086,ENSG00000011590,27033,16763,MYNN,ZBTB32,MYNN,ENSG
7953,ENSG00000157483,4643,7599,MYO1C,MYO1E,MYO1C,ENSG
14932,ENSG00000127564,9088,29650,MYT1,PKMYT1,MYT1,ENSG
114391,ENSG00000145901,10318,16903,NAF1,TNIP1,NAF1,ENSG
86778,ENSG00000237065,0,23102,NANOGP2,NANOGP4,NANOGP2,ENSG
79465,ENSG00000258774,0,23105,NANOGP3,NANOGP7,NANOGP3,ENSG
33177,ENSG00000276238,0,23105,NANOGP3,NANOGP7,NANOGP3,ENSG
35512,ENSG00000228670,0,23100,NANOGP4,NANOGP2,NANOGP4,ENSG
100067,ENSG00000131400,9476,13395,NAPA,NAPSA,NAPA,ENSG
111790,ENSG00000291230,256236,,NAPB,NAPSB,NAPB,ENSG
97124,ENSG00000131401,0,13396,NAPB,NAPSB,NAPB,ENSG
14448,ENSG00000134758,51444,17765,NARF,RNF138,NARF,ENSG
109690,ENSG00000110321,1982,3297,NAT1,EIF4G2,NAT1,ENSG
60265,ENSG00000103546,6530,11048,NAT1,SLC6A2,NAT1,ENSG
114349,ENSG00000111371,81539,13447,NAT2,SLC38A1,NAT2,ENSG
65450,ENSG00000117407,9048,727,NBN,ARTN,NBN,ENSG
37290,ENSG00000119638,91754,18591,NEK8,NEK9,NEK8,ENSG
27818,ENSG00000065320,9423,8029,NET1,NTN1,NET1,ENSG
60267,ENSG00000103546,6530,11048,NET1,SLC6A2,NET1,ENSG
47522,ENSG00000134186,55119,25512,NET1,PRPF38B,NET1,ENSG
119374,ENSG00000165970,9152,11051,NET1,SLC6A5,NET1,ENSG
33293,ENSG00000107937,23560,21535,NGB,GTPBP4,NGB,ENSG
18537,ENSG00000105220,2821,4458,NLK,GPI,NLK,ENSG
50591,ENSG00000282019,2821,4458,NLK,GPI,NLK,ENSG
34077,ENSG00000136235,10457,4462,NMB,GPNMB,NMB,ENSG
101195,ENSG00000277027,6023,10031,NME1,RMRP,NME1,ENSG
20383,ENSG00000197879,4641,7597,NMI,MYO1C,NMI,ENSG
29452,ENSG00000213906,56413,19260,NOP9,LTB4R2,NOP9,ENSG
8969,ENSG00000285203,56413,19260,NOP9,LTB4R2,NOP9,ENSG
81849,ENSG00000188613,340719,23044,NOS1,NANOS1,NOS1,ENSG
25443,ENSG00000188425,339345,23292,NOS2,NANOS2,NOS2,ENSG
1172,ENSG00000288505,342977,22048,NOS3,NANOS3,NOS3,ENSG
75227,ENSG00000187556,342977,22048,NOS3,NANOS3,NOS3,ENSG
119433,ENSG00000114388,10641,24969,NPR2,NPRL2,NPR2,ENSG
29203,ENSG00000103148,8131,14124,NPR3,NPRL3,NPR3,ENSG
56417,ENSG00000165271,65083,19910,NRAP,NOL6,NRAP,ENSG
114933,ENSG00000082641,4779,7781,NRF1,NFE2L1,NRF1,ENSG
55577,ENSG00000184613,4753,7751,NRP2,NELL2,NRP2,ENSG
37195,ENSG00000275867,284058,24565,NSL1,KANSL1,NSL1,ENSG
71693,ENSG00000278458,284058,24565,NSL1,KANSL1,NSL1,ENSG
54610,ENSG00000120071,284058,24565,NSL1,KANSL1,NSL1,ENSG
63724,ENSG00000089693,8079,7126,NTN4,MLF2,NTN4,ENSG
52929,ENSG00000196358,84628,14288,NTNG1,NTNG2,NTNG1,ENSG
72324,ENSG00000183032,89874,14411,ODC1,SLC25A21,ODC1,ENSG
126375,ENSG00000142920,113451,29957,ODCP,AZIN2,ODCP,ENSG
40774,ENSG00000184634,9968,11957,OPA1,MED12,OPA1,ENSG
17853,ENSG00000102743,10166,10985,ORC1,SLC25A15,ORC1,ENSG
34256,ENSG00000136280,83605,21708,OSM,CCM2,OSM,ENSG
14630,ENSG00000172939,9943,8508,OSR1,OXSR1,OSR1,ENSG
7636,ENSG00000132823,51526,16105,OSR1,OSER1,OSR1,ENSG
106752,ENSG00000121764,3061,4848,OXR1,HCRTR1,OXR1,ENSG
116742,ENSG00000123143,5585,9405,PAK1,PKN1,PAK1,ENSG
11763,ENSG00000102606,8874,15607,PAK3,ARHGEF7,PAK3,ENSG
67233,ENSG00000137843,56924,16061,PAK5,PAK6,PAK5,ENSG
67234,ENSG00000137843,106821730,16061,PAK5,PAK6,PAK5,ENSG
10135,ENSG00000005810,23077,23386,PAM,MYCBP2,PAM,ENSG
26269,ENSG00000240857,57665,19979,PAN2,RDH14,PAN2,ENSG
18020,ENSG00000160505,147945,22943,PAN2,NLRP4,PAN2,ENSG
57522,ENSG00000174885,171389,22944,PAN3,NLRP6,PAN3,ENSG
22750,ENSG00000244171,0,8635,PBX2,PBX2P1,PBX2,ENSG
26529,ENSG00000128567,5420,9171,PC,PODXL,PC,ENSG
35143,ENSG00000141644,4152,6916,PCM1,MBD1,PCM1,ENSG
107811,ENSG00000127838,25953,9153,PDC,PNKD,PDC,ENSG
78469,ENSG00000130513,9518,30142,PDF,GDF15,PDF,ENSG
101030,ENSG00000140992,5170,8816,PDK1,PDPK1,PDK1,ENSG
76055,ENSG00000205808,403313,23682,PDP1,PLPP6,PDP1,ENSG
75630,ENSG00000110435,8050,21350,PDX1,PDHX,PDX1,ENSG
115394,ENSG00000161395,93210,23719,PER1,PGAP3,PER1,ENSG
37942,ENSG00000226784,441531,21731,PGAM1,PGAM4,PGAM1,ENSG
35800,ENSG00000130517,54858,13568,PGP,PGPEP1,PGP,ENSG
51130,ENSG00000141933,91978,25058,PGS1,TPGS1,PGS1,ENSG
18655,ENSG00000119630,5228,8893,PIGF,PGF,PIGF,ENSG
70112,ENSG00000196365,9361,9479,PIM1,LONP1,PIM1,ENSG
51114,ENSG00000198089,9814,29064,PISD,SFI1,PISD,ENSG
54092,ENSG00000105287,25865,17293,PKD2,PRKD2,PKD2,ENSG
19254,ENSG00000254880,103695364,50690,PKNOX2-AS1,PKNOX2-DT,PKNOX2-AS1,ENSG
109213,ENSG00000105198,29124,15449,PLAC8,LGALS13,PLAC8,ENSG
50916,ENSG00000130175,5589,9411,PLD1,PRKCSH,PLD1,ENSG
70674,ENSG00000176894,5827,9716,PMP22,PXMP2,PMP22,ENSG
85335,ENSG00000187953,0,30061,PMS2P13,PMS2CL,PMS2P13,ENSG
52216,ENSG00000108849,5539,9327,PNP,PPY,PNP,ENSG
80085,ENSG00000051341,10721,9186,POLH,POLQ,POLH,ENSG
36527,ENSG00000112941,11044,16705,POLK,TENT4A,POLK,ENSG
87874,ENSG00000122008,51426,9183,POLQ,POLK,POLQ,ENSG
65338,ENSG00000146707,22932,9203,POM121,POMZP3,POM121,ENSG
74096,ENSG00000276464,22932,9203,POM121,POMZP3,POM121,ENSG
100627,ENSG00000122643,51251,17820,POMP,NT5C3A,POMP,ENSG
25092,ENSG00000169900,260434,30261,POP1,PYDC1,POP1,ENSG
14138,ENSG00000112276,11149,1152,POP1,BVES,POP1,ENSG
80915,ENSG00000215174,286430,29887,POP4,NLRP2B,POP4,ENSG
55438,ENSG00000102312,64840,17652,POR,PORCN,POR,ENSG
50179,ENSG00000068120,80347,29932,PPAT,COASY,PPAT,ENSG
50726,ENSG00000161610,3060,4847,PPOX,HCRT,PPOX,ENSG
6477,ENSG00000080839,5933,9893,PRB1,RBL1,PRB1,ENSG
24617,ENSG00000126432,25824,9355,PRDX6,PRDX5,PRDX6,ENSG
30103,ENSG00000107959,10531,17663,PREP,PITRM1,PREP,ENSG
107300,ENSG00000129951,79948,23497,PRG2,PLPPR3,PRG2,ENSG
51164,ENSG00000282283,79948,23497,PRG2,PLPPR3,PRG2,ENSG
120422,ENSG00000130508,7837,14966,PRG2,PXDN,PRG2,ENSG
29391,ENSG00000042286,84883,21411,PRG3,AIFM2,PRG3,ENSG
20471,ENSG00000100033,5625,9453,PRODH2,PRODH,PRODH2,ENSG
70977,ENSG00000143217,81607,19688,PRR4,NECTIN4,PRR4,ENSG
128004,ENSG00000117592,9588,16753,PRX,PRDX6,PRX,ENSG
70722,ENSG00000137409,23787,17586,PSAP,MTCH1,PSAP,ENSG
96282,ENSG00000242221,5670,9519,PSG1,PSG2,PSG1,ENSG
114604,ENSG00000183668,5678,9526,PSG11,PSG9,PSG11,ENSG
113171,ENSG00000141378,51651,24265,PTH2,PTRH2,PTH2,ENSG
79711,ENSG00000237984,0,9589,PTH2,PTENP1,PTH2,ENSG
79717,ENSG00000293199,11191,9589,PTH2,PTENP1,PTH2,ENSG
25681,ENSG00000132670,5786,9664,PTPA,PTPRA,PTPA,ENSG
1238,ENSG00000290627,414224,,PTPN20CP,AGAP12P,PTPN20CP,ENSG
93617,ENSG00000290898,414224,,PTPN20CP,AGAP12P,PTPN20CP,ENSG
15674,ENSG00000060656,10076,9683,PTPRO,PTPRU,PTPRO,ENSG
14776,ENSG00000153233,5801,9680,PTPRQ,PTPRR,PTPRQ,ENSG
24805,ENSG00000198125,4151,6915,PVALB,MB,PVALB,ENSG
120423,ENSG00000130508,7837,14966,PXN,PXDN,PXN,ENSG
66996,ENSG00000172780,339122,19983,RAB11B,RAB43,RAB11B,ENSG
66997,ENSG00000172780,339122,19983,RAB41,RAB43,RAB41,ENSG
8426,ENSG00000230997,0,19799,RAB42,RAB42P1,RAB42,ENSG
22054,ENSG00000129538,6035,10044,RAC1,RNASE1,RAC1,ENSG
5146,ENSG00000124151,8202,7670,RAC3,NCOA3,RAC3,ENSG
60560,ENSG00000175595,2072,3436,RAD1,ERCC4,RAD1,ENSG
22039,ENSG00000169413,6039,10048,RAD1,RNASE6,RAD1,ENSG
22161,ENSG00000165799,84659,19278,RAE1,RNASE7,RAE1,ENSG
49550,ENSG00000169397,6037,10046,RAF1,RNASE3,RAF1,ENSG
73381,ENSG00000258436,493901,24211,RAI1,RNASE12,RAI1,ENSG
21639,ENSG00000132669,54453,18750,RASSF4,RIN2,RASSF4,ENSG
65609,ENSG00000180228,8575,9438,RAX,PRKRA,RAX,ENSG
125621,ENSG00000235016,100129060,40518,RBM5-AS1,SEMA3F-AS1,RBM5-AS1,ENSG
32279,ENSG00000032219,5926,9885,RBP1,ARID4A,RBP1,ENSG
107251,ENSG00000060709,23504,30339,RBP2,RIMBP2,RBP2,ENSG
12406,ENSG00000101412,1869,3113,RBP3,E2F1,RBP3,ENSG
14485,ENSG00000166426,1381,2338,RBP5,CRABP1,RBP5,ENSG
58224,ENSG00000213859,147040,21302,REN,KCTD11,REN,ENSG
18170,ENSG00000288399,147040,21302,REN,KCTD11,REN,ENSG
4774,ENSG00000173638,6573,10937,RFC1,SLC19A1,RFC1,ENSG
120819,ENSG00000187627,400966,32414,RGP1,RGPD1,RGP1,ENSG
39077,ENSG00000159496,266747,31911,RGR,RGL4,RGR,ENSG
38609,ENSG00000150681,64407,14261,RGS13,RGS18,RGS13,ENSG
99402,ENSG00000229927,0,10010,RHEB,RHEBP1,RHEB,ENSG
16201,ENSG00000173156,29984,670,RHO,RHOD,RHO,ENSG
71371,ENSG00000121931,55791,30299,RIF1,LRIF1,RIF1,ENSG
65510,ENSG00000120210,11172,6089,RIF1,INSL6,RIF1,ENSG
112656,ENSG00000139174,144165,17019,RILP,PRICKLE1,RILP,ENSG
78458,ENSG00000248099,3640,6086,RLF,INSL3,RLF,ENSG
23661,ENSG00000291813,338879,19275,RNASE9,RNASE10,RNASE9,ENSG
73380,ENSG00000182545,338879,19275,RNASE9,RNASE10,RNASE9,ENSG
21567,ENSG00000265790,0,10049,RNASEH1,RNASEH1P1,RNASEH1,ENSG
21568,ENSG00000265790,0,10049,RNH1,RNASEH1P1,RNH1,ENSG
56530,ENSG00000206585,26864,37500,RNU1-6P,RNVU1-7,RNU1-6P,ENSG
14218,ENSG00000206596,124905321,37497,RNU1-7P,RNU1-27P,RNU1-7P,ENSG
14220,ENSG00000206596,124905809,37497,RNU1-7P,RNU1-27P,RNU1-7P,ENSG
14217,ENSG00000206596,124904613,37497,RNU1-7P,RNU1-27P,RNU1-7P,ENSG
14219,ENSG00000206596,124905573,37497,RNU1-7P,RNU1-27P,RNU1-7P,ENSG
14262,ENSG00000206588,124904613,37498,RNU1-8P,RNU1-28P,RNU1-8P,ENSG
14264,ENSG00000206588,124905321,37498,RNU1-8P,RNU1-28P,RNU1-8P,ENSG
14266,ENSG00000206588,124905573,37498,RNU1-8P,RNU1-28P,RNU1-8P,ENSG
14268,ENSG00000206588,124905809,37498,RNU1-8P,RNU1-28P,RNU1-8P,ENSG
47266,ENSG00000201659,0,10109,RNU12,RNU12-2P,RNU12,ENSG
17466,ENSG00000069667,6095,10258,ROR1,RORA,ROR1,ENSG
17467,ENSG00000069667,6095,10258,ROR2,RORA,ROR2,ENSG
89160,ENSG00000236250,8859,11398,RP1,STK19,RP1,ENSG
72753,ENSG00000226257,8859,11398,RP1,STK19,RP1,ENSG
101913,ENSG00000204344,8859,11398,RP1,STK19,RP1,ENSG
60913,ENSG00000235246,128385376,56716,RP1,TMEM184B-AS1,RP1,ENSG
79387,ENSG00000226033,8859,11398,RP1,STK19,RP1,ENSG
38115,ENSG00000166974,10982,6891,RP1,MAPRE2,RP1,ENSG
74632,ENSG00000234947,8859,11398,RP1,STK19,RP1,ENSG
73588,ENSG00000206342,8859,11398,RP1,STK19,RP1,ENSG
69097,ENSG00000249480,0,21668,RP2,STK19B,RP2,ENSG
89388,ENSG00000248989,0,21668,RP2,STK19B,RP2,ENSG
114035,ENSG00000250535,0,21668,RP2,STK19B,RP2,ENSG
79495,ENSG00000230354,0,21668,RP2,STK19B,RP2,ENSG
115591,ENSG00000213965,390916,32036,RP2,NUDT19,RP2,ENSG
89479,ENSG00000068654,25885,17264,RPA1,POLR1A,RPA1,ENSG
114478,ENSG00000125630,84172,20454,RPA2,POLR1B,RPA2,ENSG
66982,ENSG00000112137,221692,20990,RPEL1,PHACTR1,RPEL1,ENSG
49074,ENSG00000069869,4734,7727,RPF1,NEDD4,RPF1,ENSG
115717,ENSG00000174748,6138,10306,RPL10,RPL15,RPL10,ENSG
15750,ENSG00000172172,28998,14278,RPL13,MRPL13,RPL13,ENSG
113081,ENSG00000125691,9349,10316,RPL17,RPL23,RPL17,ENSG
18671,ENSG00000265681,6139,10307,RPL23,RPL17,RPL23,ENSG
41495,ENSG00000137876,51187,18479,RPL24,RSL24D1,RPL24,ENSG
24341,ENSG00000230202,0,21482,RPL29P3,RPL29P4,RPL29P3,ENSG
76164,ENSG00000165502,6166,10346,RPL36A,RPL36AL,RPL36A,ENSG
40307,ENSG00000175166,5708,9559,RPN1,PSMD2,RPN1,ENSG
65819,ENSG00000173692,5707,9554,RPN2,PSMD1,RPN2,ENSG
100573,ENSG00000128626,6183,10380,RPS12,MRPS12,RPS12,ENSG
27091,ENSG00000283018,6183,10380,RPS12,MRPS12,RPS12,ENSG
4181,ENSG00000160208,23076,23818,RRP1,RRP1B,RRP1,ENSG
132968,ENSG00000215695,6248,10458,RS1,RSC1A1,RS1,ENSG
44938,ENSG00000237632,0,10491,S100A14,S100A11P1,S100A14,ENSG
102806,ENSG00000197915,388697,20846,S100A16,HRNR,S100A16,ENSG
21461,ENSG00000114125,9616,10070,SAG,RNF7,SAG,ENSG
27141,ENSG00000189091,23450,10770,SAP130,SF3B3,SAP130,ENSG
114350,ENSG00000111371,81539,13447,SAT1,SLC38A1,SAT1,ENSG
114487,ENSG00000134294,54407,13448,SAT2,SLC38A2,SAT2,ENSG
18056,ENSG00000115944,9167,2289,SCAF1,COX7A2L,SCAF1,ENSG
64770,ENSG00000197375,6584,10969,SCD,SLC22A5,SCD,ENSG
5353,ENSG00000102683,6445,10809,SCG3,SGCG,SCG3,ENSG
5944,ENSG00000196074,10388,11490,SCP2,SYCP2,SCP2,ENSG
113296,ENSG00000175215,10106,17077,SCP2,CTDSP2,SCP2,ENSG
77962,ENSG00000181374,6357,10611,SCYL1,CCL13,SCYL1,ENSG
42470,ENSG00000277236,6358,10612,SCYL2,CCL14,SCYL2,ENSG
98270,ENSG00000276409,6358,10612,SCYL2,CCL14,SCYL2,ENSG
40867,ENSG00000275528,6359,10613,SCYL3,CCL15,SCYL3,ENSG
98294,ENSG00000275718,6359,10613,SCYL3,CCL15,SCYL3,ENSG
75708,ENSG00000126524,51119,19440,SDS,SBDS,SDS,ENSG
90312,ENSG00000250722,6414,10751,SELP,SELENOP,SELP,ENSG
26800,ENSG00000217707,0,8953,SERPINB11,SERPINB8P1,SERPINB11,ENSG
61657,ENSG00000136931,2516,7983,SF1,NR5A1,SF1,ENSG
37079,ENSG00000087365,10992,10769,SF3B1,SF3B2,SF3B1,ENSG
38870,ENSG00000076043,25996,17851,SFN,REXO2,SFN,ENSG
35382,ENSG00000104205,23678,10812,SGK2,SGK3,SGK2,ENSG
81278,ENSG00000185664,6490,10880,SI,PMEL,SI,ENSG
35000,ENSG00000254521,89858,15482,SIGLECL1,SIGLEC12,SIGLECL1,ENSG
53162,ENSG00000089012,55423,15757,SIRPB2,SIRPG,SIRPB2,ENSG
109379,ENSG00000163817,54716,30927,SIT1,SLC6A20,SIT1,ENSG
43285,ENSG00000054392,55733,18270,SKI,HHAT,SKI,ENSG
4420,ENSG00000280680,55733,18270,SKI,HHAT,SKI,ENSG
72256,ENSG00000126756,8409,12641,SKP2,UXT,SKP2,ENSG
51751,ENSG00000109618,51091,30605,SLA,SEPSECS,SLA,ENSG
31580,ENSG00000131183,6569,11019,SLC17A2,SLC34A1,SLC17A2,ENSG
4815,ENSG00000089057,9962,10973,SLC23A1,SLC23A2,SLC23A1,ENSG
34161,ENSG00000170482,9963,10974,SLC23A2,SLC23A1,SLC23A2,ENSG
77614,ENSG00000080493,8671,11030,SLC4A5,SLC4A4,SLC4A5,ENSG
60268,ENSG00000103546,6530,11048,SLC6A5,SLC6A2,SLC6A5,ENSG
90107,ENSG00000184347,6586,11087,SLIT1,SLIT3,SLIT1,ENSG
90108,ENSG00000184347,6586,11087,SLIT2,SLIT3,SLIT2,ENSG
23955,ENSG00000187122,6585,11085,SLIT3,SLIT1,SLIT3,ENSG
87209,ENSG00000010810,2534,4037,SLK,FYN,SLK,ENSG
21205,ENSG00000180155,66004,29604,SLURP2,LYNX1,SLURP2,ENSG
36318,ENSG00000106105,2617,4162,SMAD1,GARS1,SMAD1,ENSG
65288,ENSG00000112562,64094,20323,SMAP2,SMOC2,SMAP2,ENSG
44770,ENSG00000088826,54498,15862,SMO,SMOX,SMO,ENSG
119464,ENSG00000108557,10743,9834,SMS,RAI1,SMS,ENSG
88058,ENSG00000249020,0,32652,SNORA58B,SNORA58,SNORA58B,ENSG
19728,ENSG00000212380,0,33064,SNORD115-48,SNORD115-45,SNORD115-48,ENSG
57884,ENSG00000264294,26811,10205,SNORD39,SNORD55,SNORD39,ENSG
61958,ENSG00000125743,6633,11159,SNRPD1,SNRPD2,SNRPD1,ENSG
73098,ENSG00000063978,6047,10067,SNURF,RNF4,SNURF,ENSG
23632,ENSG00000173548,257364,28468,SNX30,SNX33,SNX30,ENSG
11065,ENSG00000170677,9306,16833,SOCS4,SOCS6,SOCS4,ENSG
7113,ENSG00000180008,122809,19392,SOCS7,SOCS4,SOCS7,ENSG
34125,ENSG00000109099,5376,9118,SP110,PMP22,SP110,ENSG
113681,ENSG00000249481,221409,22957,SPATA8,SPATS1,SPATA8,ENSG
19794,ENSG00000169682,83985,30621,SPIN1,SPNS1,SPIN1,ENSG
36490,ENSG00000282712,10522,14677,SPN,DEAF1,SPN,ENSG
59942,ENSG00000108819,84687,9298,SPN,PPP1R9B,SPN,ENSG
91120,ENSG00000177030,10522,14677,SPN,DEAF1,SPN,ENSG
32390,ENSG00000154832,30827,24343,SPP1,CXXC1,SPP1,ENSG
36691,ENSG00000068394,27238,30677,SPP2,GPKOW,SPP2,ENSG
69960,ENSG00000292204,27238,30677,SPP2,GPKOW,SPP2,ENSG
35472,ENSG00000163082,130367,19953,SPP2,SGPP2,SPP2,ENSG
21692,ENSG00000115353,6869,11526,SPR,TACR1,SPR,ENSG
125785,ENSG00000228108,0,40562,SPTBN1-AS2,SPTBN1-AS1,SPTBN1-AS2,ENSG
21576,ENSG00000125398,6662,11204,SRA1,SOX9,SRA1,ENSG
90096,ENSG00000196220,9901,19744,SRGAP2,SRGAP3,SRGAP2,ENSG
25272,ENSG00000125508,6725,11298,SRM,SRMS,SRM,ENSG
46054,ENSG00000147650,29967,31708,ST7,LRP12,ST7,ENSG
5459,ENSG00000124225,56937,14107,STAG1,PMEPA1,STAG1,ENSG
72257,ENSG00000126756,8409,12641,STAP1,UXT,STAP1,ENSG
87052,ENSG00000070019,2984,4688,STAR,GUCY2C,STAR,ENSG
5621,ENSG00000102572,8428,11403,STK3,STK24,STK3,ENSG
23517,ENSG00000291781,91875,19274,STRAP,TTC5,STRAP,ENSG
20812,ENSG00000136319,91875,19274,STRAP,TTC5,STRAP,ENSG
46789,ENSG00000151304,153443,26333,STRAP,SRFBP1,STRAP,ENSG
85865,ENSG00000198075,27233,11457,SULT1C2,SULT1C4,SULT1C2,ENSG
31854,ENSG00000256040,493913,35152,TAF4B,PAPPA-AS1,TAF4B,ENSG
16114,ENSG00000100003,23541,10699,TAP1,SEC14L2,TAP1,ENSG
16414,ENSG00000100012,266629,18655,TAP2,SEC14L3,TAP2,ENSG
98331,ENSG00000274808,101060321,27011,TBC1D3I,TBC1D3B,TBC1D3I,ENSG
98329,ENSG00000274808,414059,27011,TBC1D3I,TBC1D3B,TBC1D3I,ENSG
34690,ENSG00000282750,414059,27011,TBC1D3I,TBC1D3B,TBC1D3I,ENSG
34736,ENSG00000278632,101060321,27011,TBC1D3I,TBC1D3B,TBC1D3I,ENSG
34734,ENSG00000278632,414059,27011,TBC1D3I,TBC1D3B,TBC1D3I,ENSG
42563,ENSG00000274939,101060321,27011,TBC1D3I,TBC1D3B,TBC1D3I,ENSG
42561,ENSG00000274939,414059,27011,TBC1D3I,TBC1D3B,TBC1D3I,ENSG
107867,ENSG00000230409,0,29891,TCEA1,TCEA1P2,TCEA1,ENSG
56131,ENSG00000292149,83439,11640,TCF3,TCF7L1,TCF3,ENSG
21285,ENSG00000152284,83439,11640,TCF3,TCF7L1,TCF3,ENSG
64073,ENSG00000148737,6934,11641,TCF4,TCF7L2,TCF4,ENSG
73808,ENSG00000009694,10178,8117,TEN1,TENM1,TEN1,ENSG
83291,ENSG00000171862,5728,9588,TEP1,PTEN,TEP1,ENSG
19857,ENSG00000284792,5728,9588,TEP1,PTEN,TEP1,ENSG
28910,ENSG00000117525,2152,3541,TF,F3,TF,ENSG
122421,ENSG00000245248,0,48673,THY1-AS1,USP2-AS1,THY1-AS1,ENSG
104097,ENSG00000127318,50616,14900,TIFA,IL22,TIFA,ENSG
118192,ENSG00000162733,4921,2731,TKT,DDR2,TKT,ENSG
116986,ENSG00000137648,56649,11878,TMPRSS3,TMPRSS4,TMPRSS3,ENSG
7608,ENSG00000118903,0,1126,TNFRSF11B,BTF3P11,TNFRSF11B,ENSG
118210,ENSG00000129991,7137,11947,TNNC1,TNNI3,TNNC1,ENSG
58445,ENSG00000262635,6999,11708,TPH2,TDO2,TPH2,ENSG
49326,ENSG00000151790,6999,11708,TPH2,TDO2,TPH2,ENSG
51185,ENSG00000090534,7066,11795,TPO,THPO,TPO,ENSG
81347,ENSG00000102977,65057,25070,TPP1,ACD,TPP1,ENSG
37582,ENSG00000172315,112858,16197,TPRKB,TP53RK,TPRKB,ENSG
36269,ENSG00000136560,10010,11562,TRAF2,TANK,TRAF2,ENSG
126636,ENSG00000135966,9392,16836,TRAP1,TGFBRAP1,TRAP1,ENSG
73898,ENSG00000259706,0,12099,TRAP1,HSP90B2P,TRAP1,ENSG
35234,ENSG00000255569,0,12101,TRAV11,TRAV1-1,TRAV11,ENSG
13872,ENSG00000166013,0,37144,TRIM80P,TRIM53BP,TRIM80P,ENSG
9963,ENSG00000142185,7226,12339,TRPC7,TRPM2,TRPC7,ENSG
25409,ENSG00000197157,27044,30646,TSN,SND1,TSN,ENSG
51287,ENSG00000136352,7080,11825,TTF1,NKX2-1,TTF1,ENSG
27274,ENSG00000215483,400123,42770,TTL,LINC00598,TTL,ENSG
27276,ENSG00000215483,646982,42770,TTL,LINC00598,TTL,ENSG
125965,ENSG00000162571,254173,26693,TTLL5,TTLL10,TTLL5,ENSG
49433,ENSG00000137267,7280,12412,TUBB,TUBB2A,TUBB,ENSG
96815,ENSG00000206652,124904613,10120,U1,RNU1-1,U1,ENSG
96842,ENSG00000206652,124905809,10120,U1,RNU1-1,U1,ENSG
96806,ENSG00000206652,26871,10120,U1,RNU1-1,U1,ENSG
1756,ENSG00000291389,124905573,10120,U1,RNU1-1,U1,ENSG
1747,ENSG00000291389,124905321,10120,U1,RNU1-1,U1,ENSG
1738,ENSG00000291389,124904613,10120,U1,RNU1-1,U1,ENSG
1765,ENSG00000291389,124905809,10120,U1,RNU1-1,U1,ENSG
1729,ENSG00000291389,26871,10120,U1,RNU1-1,U1,ENSG
96833,ENSG00000206652,124905573,10120,U1,RNU1-1,U1,ENSG
96824,ENSG00000206652,124905321,10120,U1,RNU1-1,U1,ENSG
46694,ENSG00000222328,0,10152,U2,RNU2-2P,U2,ENSG
124788,ENSG00000274585,6066,10142,U2,RNU2-1,U2,ENSG
19494,ENSG00000222076,0,10153,U2,RNU2-3P,U2,ENSG
83317,ENSG00000222465,0,10155,U2,RNU2-5P,U2,ENSG
103921,ENSG00000277084,0,10154,U2,RNU2-4P,U2,ENSG
38021,ENSG00000126246,79713,23620,U2AF1L4,IGFLR1,U2AF1L4,ENSG
19434,ENSG00000200318,0,10175,U3,SNORD3P1,U3,ENSG
35722,ENSG00000263934,0,33189,U3,SNORD3A,U3,ENSG
36234,ENSG00000201458,0,10197,U4,RNU4-4P,U4,ENSG
122713,ENSG00000200795,26835,10192,U4,RNU4-1,U4,ENSG
61329,ENSG00000222736,0,10199,U4,RNU4-6P,U4,ENSG
25841,ENSG00000291599,124900516,10195,U4,RNU4-8P,U4,ENSG
24564,ENSG00000201628,0,10194,U4,RNU4-7P,U4,ENSG
21143,ENSG00000272160,0,10198,U4,RNU4-5P,U4,ENSG
106272,ENSG00000201806,124900516,10195,U4,RNU4-8P,U4,ENSG
19455,ENSG00000206625,26827,10227,U6,RNU6-1,U6,ENSG
15070,ENSG00000199226,124900488,10229,U6,RNU6-50P,U6,ENSG
124749,ENSG00000200463,727676,32952,U8,SNORD118,U8,ENSG
122502,ENSG00000049247,10911,12636,UCN2,UTS2,UCN2,ENSG
13460,ENSG00000253299,0,55148,UFM1P1,UFM1P3,UFM1P1,ENSG
85605,ENSG00000156096,7363,12553,UGT2B11,UGT2B4,UGT2B11,ENSG
114711,ENSG00000159202,65264,25847,USE1,UBE2Z,USE1,ENSG
106801,ENSG00000170832,84669,19143,USP10,USP32,USP10,ENSG
45670,ENSG00000253213,0,12610,USP12,USP12P1,USP12,ENSG
9745,ENSG00000226081,0,21410,USP12P2,USP12PX,USP12P2,ENSG
127539,ENSG00000143258,27005,12620,USP16,USP21,USP16,ENSG
9284,ENSG00000155313,29761,12624,USP21,USP25,USP21,ENSG
117155,ENSG00000090686,84196,18533,USP31,USP48,USP31,ENSG
75103,ENSG00000227686,7407,12651,VARS2,VARS1,VARS2,ENSG
68649,ENSG00000226589,7407,12651,VARS2,VARS1,VARS2,ENSG
73974,ENSG00000224264,7407,12651,VARS2,VARS1,VARS2,ENSG
86580,ENSG00000231945,7407,12651,VARS2,VARS1,VARS2,ENSG
39972,ENSG00000204394,7407,12651,VARS2,VARS1,VARS2,ENSG
64716,ENSG00000231116,7407,12651,VARS2,VARS1,VARS2,ENSG
67034,ENSG00000096171,7407,12651,VARS2,VARS1,VARS2,ENSG
83471,ENSG00000036565,6570,10934,VAT1,SLC18A1,VAT1,ENSG
113223,ENSG00000270858,0,12676,VDAC3,VDAC1P5,VDAC3,ENSG
64688,ENSG00000160111,27151,23228,VIP,CPAMD8,VIP,ENSG
50101,ENSG00000244038,1650,2728,WBP1,DDOST,WBP1,ENSG
79827,ENSG00000146247,55023,15673,WDR11,PHIP,WDR11,ENSG
16912,ENSG00000234629,0,32447,WDR82,WDR82P1,WDR82,ENSG
14600,ENSG00000285086,0,32447,WDR82,WDR82P1,WDR82,ENSG
40168,ENSG00000249947,0,12802,XBP1,XBP1P1,XBP1,ENSG
53226,ENSG00000197961,7675,12904,ZNF20,ZNF121,ZNF20,ENSG
35374,ENSG00000110315,50862,21159,ZNF230,RNF141,ZNF230,ENSG
96229,ENSG00000188801,0,14003,ZNF322,ZNF322P1,ZNF322,ENSG
81813,ENSG00000103994,64397,12886,ZNF474,ZNF106,ZNF474,ENSG
14437,ENSG00000184517,162239,23328,ZNF475,ZFP1,ZNF475,ENSG
