,collision,num_gene_records
3598,VH,37
1396,H4-16,14
1409,H4C8,13
1410,H4C9,13
1399,H4C12,13
1400,H4C13,13
1401,H4C14,13
1402,H4C15,13
1403,H4C16,13
1404,H4C2,13
1405,H4C3,13
1406,H4C4,13
1407,H4C5,13
1408,H4C6,13
1397,H4C1,13
1398,H4C11,13
2156,MT1,12
2476,P40,12
2746,PR,11
2738,PPIASE,11
1304,GPCR,11
1579,HOX1,10
2495,P58,10
1389,H3C3,9
1581,HOX2,9
1393,H3C8,9
1391,H3C6,9
3570,UGT1,9
1388,H3C2,9
3562,UDPGT,9
1382,H3C10,9
1383,H3C11,9
1384,H3C12,9
1390,H3C4,9
1381,H3C1,9
1392,H3C7,9
2195,NAP1,9
2443,P18,9
56,ACT,8
2769,PROTEASE,8
2492,P55,8
233,ASP,8
103,AIP1,8
121,ALP,8
2424,P100,8
2436,P14,8
2770,PROTEINASE,8
3542,U4,7
457,CAR,7
3393,TFIIH,7
1288,GNT1,7
447,CAP,7
1583,HOX4,7
2491,P54,7
2473,P38,7
2422,P1,7
1582,HOX3,7
2510,P75,7
2808,PSP,7
2548,PAP,7
682,CR,7
2461,P28,7
2430,P120,7
2295,NPIP,7
377,C13ORF25,6
2751,PRC17,6
2439,P150,6
1116,FBP,6
2516,P85,6
3575,UGT1A,6
2484,P47,6
2445,P19,6
126,ALS2CR3,6
1693,IGLC,6
1424,HARP,6
204,ARP1,6
2460,P27,6
3452,TR,6
2453,P23,6
1647,HUG-BR1,6
2498,P60,6
2885,RD,6
3122,SIP,6
1071,F379,6
1855,LAP,6
2182,MYM,6
897,DNM1DN11@,6
2063,MIRHG1,6
3661,ZNF,6
2062,MIRH1,6
2009,MDS,6
3490,TRNAN-GUU,5
2493,P56,5
1928,LRRC37,5
2922,RIP,5
925,DRP1,5
950,E2,5
2012,MED,5
3540,U3,5
2772,PRP,5
2438,P15,5
159,AP-1,5
3277,T1,5
483,CBP,5
2817,PTC,5
2551,PAP1,5
2501,P62,5
1058,ESG,5
2490,P52,5
2442,P17,5
1443,HBP,5
765,CTF,5
3463,TRAP,5
2478,P42,5
3494,TRP1,5
2513,P8,5
2472,P37,5
2470,P35,5
2519,P97,5
2469,P34,5
3455,TR2,5
2454,P24,5
2061,MIR17HG,5
2575,PBP,5
2506,P68,5
3445,TP53TG3F,5
3444,TP53TG3E,5
1657,IAP,5
3573,UGT1.1,5
3568,UGT-1A,5
3306,TBC1D3A,5
357,BTF2,5
438,CAM,5
1256,GGT,5
342,BOP,5
2581,PC3,5
3576,UGT1A1,5
3361,TCRB,5
2790,PSA,5
2580,PC2,5
2238,NET1,5
1333,GST2,5
3571,UGT1-01,5
1160,FKBP12,5
1699,II,5
2779,PRR20,5
3305,TBC1D3,5
1154,FIL1,4
724,CST,4
2529,PAC1,4
3314,TC1,4
626,CMS2A,4
592,CL2,4
2649,PI3K,4
270,B1,4
3110,SHAP,4
3205,SPS,4
3075,SDH,4
1419,HAP,4
1429,HB1,4
2780,PRR20A,4
2502,P63,4
436,CALM,4
1262,GIG1,4
3371,TCRD,4
730,CT11.3,4
3212,SRA1,4
606,CLIP,4
1245,GDH,4
3145,SMAP,4
2518,P90,4
3330,TCRA,4
2690,PLP,4
2736,PPD,4
3130,SKIP,4
249,ATP5A,4
1197,GAGE-12B,4
2679,PL,4
3124,SIP1,4
1457,HCC-2,4
2520,PA,4
2504,P65,4
2783,PRR20D,4
1224,GBP,4
1234,GCL,4
3462,TRAMP,4
2782,PRR20C,4
1240,GCP2,4
2781,PRR20B,4
365,C1,4
3234,ST1A3,4
739,CT4.7,4
3057,SCCMS,4
1004,EIF2B,4
2830,PTX1,4
1030,ENV,4
467,CAS,4
3298,TAP,4
1373,H2BC8,4
1372,H2BC7,4
1371,H2BC6,4
1370,H2BC4,4
1369,H2BC10,4
1368,H2B/S,4
1361,H2AC17,4
1360,H2AC16,4
1359,H2AC15,4
1358,H2AC13,4
3410,TIP,4
1357,H2AC11,4
1062,ESP1,4
3408,TIM,4
2560,PAR1,4
1348,H1,4
2853,RAI,4
3311,TBP1,4
2784,PRR20E,4
3437,TP,4
557,CG1,4
3032,SAP1,4
2572,PBEF,4
3440,TP53TG3,4
823,DAP1,4
2991,RS,4
536,CDY,4
346,BPAD,4
2972,RPD3,4
873,DIP,4
959,EB1,4
2584,PCD,4
903,DNM1DN8@,4
3260,STV1,4
2582,PC4,4
1395,H4,4
503,CD1A,4
296,BBP,4
952,E3,4
957,EAP1,4
428,CAF1,4
2843,R1,4
2449,P200,4
3505,TS,4
2456,P25,4
1515,HIP,4
2288,NP,4
111,AL4,4
2450,P21,4
1526,HK1,4
1527,HK2,4
1925,LRP,4
2444,P180,4
1818,L13,4
2154,MST,4
1711,ILWEQ,4
1543,HLP,4
14,A1,4
2148,MSP,4
3535,U13,4
3539,U2,4
3546,U7,4
1609,HRS,4
1610,HS1,4
3589,URP,4
1612,HSD17,4
1637,HSS,4
1896,LIP1,4
145,AN,4
2341,OCT3,4
23,A4,4
2134,MRS,4
2311,NSP,4
1875,LEU2,4
2090,MNS,4
1732,IP,4
203,ARP,4
3608,VPH1,4
2488,P50,4
1856,LAP1,4
2481,P45,4
2480,P44,4
1839,L6,4
2109,MPS1,4
1998,MCT1,4
1472,HCP1,4
1841,L8,4
1833,L3,4
2468,P33,4
3622,WBS,4
2485,P48,4
2172,MU,4
239,AT1,4
1846,LAG1,4
1825,L19,4
2117,MRG1,4
901,DNM1DN3@,3
2129,MRP1,3
911,DP1,3
2893,REF1,3
2130,MRP2,3
2934,RMP,3
2133,MRP8,3
1934,LST3,3
2888,RDP,3
902,DNM1DN4@,3
929,DS,3
948,E1,3
2904,RH,3
935,DTD,3
934,DSS,3
2115,MRF1,3
1915,LPCAT,3
2121,MRP,3
2916,RIG,3
905,DOC1,3
2917,RIG1,3
2930,RK,3
2924,RIP1,3
963,EBS1,3
910,DP,3
912,DP2,3
2494,P57,3
2145,MSF,3
1899,LIS2,3
2806,PSM,3
2827,PTP,3
1032,EP,3
1040,ER,3
1042,ERF1,3
2812,PSS1,3
2163,MTF,3
1871,LD78,3
2169,MTS1,3
1897,LIP2,3
1056,ESA,3
2805,PSK,3
1866,LCA,3
1060,ESO1,3
2170,MTTF1,3
2801,PSG1,3
1863,LAT3,3
2158,MT2,3
1883,LGS,3
1013,EK,3
2844,R2,3
2884,RCP,3
968,ECGF1,3
2879,RCAD,3
2870,RBM1,3
981,EDSC,3
2863,RAP1,3
2861,RANBP2L2,3
2859,RAMP,3
2856,RAM,3
996,EIF-2B,3
894,DNAJ,3
1000,EIF-5A,3
1003,EIF2,3
2849,RAD1,3
1007,EIF4F,3
2936,RN18S1,3
2099,MOX1,3
893,DMT1,3
3089,SEP,3
3106,SGT1,3
698,CRP1,3
3096,SES2,3
701,CRS3,3
702,CRT,3
3095,SES1,3
706,CS-1,3
709,CSA,3
716,CSL,3
741,CT45-2,3
721,CSS1,3
722,CSS2,3
2056,MIP2A,3
2057,MIR,3
2064,MK,3
735,CT2,3
737,CT4.2,3
1981,MBP1,3
1995,MCS,3
3111,SHEP1,3
1996,MCSP,3
1997,MCT,3
3165,SNO,3
2026,MGF,3
3154,SMN,3
3153,SMK1,3
2036,MIF,3
2050,MIP,3
647,COAS-2,3
3141,SMA3,3
3137,SLIM,3
3133,SLAP,3
659,COX,3
3132,SL1,3
2052,MIP-2A,3
2054,MIP1,3
3118,SIII,3
676,CPT1,3
679,CPX,3
1977,MAT1,3
744,CT45-5,3
2937,RN28S1,3
1943,M-PST,3
1955,MADD,3
2994,RSK,3
2992,RSC6P,3
2093,MOP,3
836,DD3,3
2980,RPP2,3
1074,FA1,3
849,DEFB109,3
852,DELTA,3
745,CT45-6,3
2968,RP3,3
2966,RP1,3
2965,ROX,3
862,DGK,3
869,DIA1,3
874,DIP1,3
887,DLK,3
2938,RN5-8S1,3
820,DAN,3
2091,MOB1,3
3005,S10,3
813,DA2B,3
748,CT45A5,3
3063,SCP,3
3060,SCL,3
760,CT78,3
2073,MLCK,3
773,CTR1,3
3036,SAR,3
2079,MLP,3
3034,SAP2,3
3033,SAP190,3
791,CYP2A,3
794,CYP2C,3
3017,S7,3
802,D-X,3
3015,S4,3
3010,S14,3
3009,S12,3
2174,MUC3,3
1827,L2,3
2791,PSAP,3
1352,H2A.1,3
2558,PAR-1,3
1685,IGH,3
1684,IGFR2,3
1683,IGFR1,3
2317,NT5,3
1676,IFNA,3
1659,IBP,3
2337,OCT-3,3
1362,H2B.1,3
2338,OCT-4,3
2342,OCT4,3
2350,OF,3
2552,PAP2,3
1628,HSP70-2,3
613,CLP,3
2382,OR19-18,3
2543,PAL,3
2561,PAR2,3
2563,PAR4,3
2287,NOV,3
1688,IGHV,3
2599,PD1,3
2598,PD-1,3
2594,PCP,3
1324,GRP,3
2583,PCA1,3
1718,IMP2,3
1717,IMP1,3
2304,NRP,3
1329,GSE,3
2306,NS,3
2579,PC1,3
2578,PC-1,3
1694,IGLV,3
2577,PC,3
1691,IGKV,3
1337,GT1,3
1690,IGHV4-3,3
1598,HPS,3
1587,HP1,3
1576,HOP,3
2414,OTF-3,3
1500,HGPS,3
1499,HGL,3
2471,P36,3
2474,P39,3
2479,P43,3
2515,P84,3
1486,HED,3
1448,HC2,3
1454,HCA2,3
2486,P49,3
1456,HCAP,3
2487,P5,3
2489,P51,3
1473,HCR,3
1465,HCG,3
1471,HCP,3
2496,P59,3
1428,HB-1,3
1427,HAST3,3
2466,P31,3
1533,HL-2,3
2415,OTF3,3
1559,HN1,3
2426,P11,3
2429,P12,3
2435,P130,3
1538,HLA-DQB1,3
2441,P160,3
2446,P2,3
2465,P3,3
1525,HK,3
2451,P22,3
2452,P220,3
1518,HIS1,3
2533,PACT,3
1421,HAP40,3
2462,P29,3
2602,PDI,3
2606,PDZK4,3
1857,LAP2,3
1821,L15,3
1816,L11,3
1147,FHC,3
2722,PP1,3
2201,NAT1,3
2213,NBP,3
2716,POTE-15,3
2712,POP3,3
2711,POP2,3
1167,FOP,3
2708,POLYMERASE,3
2707,POF,3
1177,FRP,3
1181,FSP1,3
1184,FX,3
2692,PMI,3
1788,KMS,3
1192,G2,3
1817,L12,3
1127,FCG2,3
2608,PE,3
1124,FCCMS,3
1078,FAD,3
2789,PS2,3
1080,FADS,3
1853,LAMR,3
2184,N2N,3
1842,L9,3
1840,L7,3
1838,L5,3
2777,PRR,3
2193,NAG,3
1099,FAME,3
2764,PRL1,3
2760,PRIP,3
1824,L18,3
2754,PRG1,3
1823,L17,3
1122,FBX30,3
1781,KID,3
1198,GAGE-2,3
1201,GAGE-8,3
2682,PLAP,3
1261,GIF,3
1747,J1,3
1268,GL,3
2631,PGR1,3
2629,PGI,3
2280,NOMO,3
1272,GLP,3
1273,GLP-1,3
1274,GLP1,3
1275,GLUC,3
2281,NOP,3
1290,GOP,3
2614,PEP,3
2285,NOTCH2NL,3
2612,PEN,3
1295,GP130,3
2610,PED,3
2640,PHKD,3
1748,J2,3
2643,PHP,3
1225,GC1,3
2681,PLA2L,3
2680,PLA2,3
2237,NET,3
1207,GAL-NAC6S,3
1211,GALNT15,3
1216,GAS,3
1217,GASP,3
1233,GCE,3
2648,PI-PLC,3
1772,KCIP-1,3
1237,GCP,3
1769,KAT,3
2245,NEU,3
1755,K-REV,3
2256,NIP,3
2257,NIP1,3
3170,SOAT,3
2028,MGR,3
224,ASC-1,3
518,CDD,3
3457,TRA1,3
3456,TR3,3
563,CHD5,3
582,CIR,3
370,C11,3
3454,TR1,3
454,CAPH2,3
584,CK,3
585,CK1,3
102,AIP-1,3
456,CAPZ,3
3474,TRF,3
474,CAT2,3
497,CD1,3
3459,TRAC1,3
3633,WTS,3
363,BWS,3
496,CD,3
3648,YRRM2,3
3508,TSC,3
26,AAA,3
275,B29,3
3449,TPT,3
114,ALDH4,3
241,AT3,3
3219,SRPSMCR,3
192,ARD1,3
3442,TP53TG3C,3
424,CACC,3
3584,UNR,3
285,BAL,3
256,ATR1,3
444,CAMIII,3
3308,TBC1D3D,3
213,ARS,3
383,C16DELP11.2,3
446,CANP,3
3211,SRA,3
247,ATP-PFK,3
3467,TRAPPC2P1,3
40,ACAT,3
3619,WAGR,3
210,ARP5,3
255,ATR,3
209,ARP4,3
565,CHED,3
499,CD158B,3
105,AIS,3
3588,UPP,3
260,ATX,3
3461,TRAM,3
152,ANG3,3
207,ARP2,3
36,ABP-280,3
3268,SWI2,3
3269,SWS,3
34,ABL,3
206,ARP11,3
3472,TRBP,3
508,CD32,3
440,CAM2,3
3441,TP53TG3B,3
3513,TSP1,3
81,AG3,3
3182,SPANX-C,3
184,ARA,3
3493,TRNP1,3
418,CAB,3
433,CAK,3
180,APT1,3
3417,TLP,3
143,AMY1,3
3485,TRM1,3
88,AGS1,3
3486,TRN,3
141,AMPK,3
3392,TFIIF,3
537,CEA,3
3395,TFIIS,3
470,CASP,3
3414,TL-PST,3
479,CBF-A,3
52,ACS,3
3411,TIP39,3
3409,TIM1,3
3401,THG1,3
228,ASF,3
3221,SS,3
325,BG,3
3406,TIG1,3
532,CDR,3
556,CFTD,3
3255,STM,3
408,C6ST,3
419,CAB1,3
539,CED-12,3
3481,TRIP,3
219,AS,3
359,BTHLM1,3
291,BAR,3
358,BTF4,3
3514,TSPY,3
293,BAT1,3
294,BB1,3
464,CARP,3
101,AIM1,3
100,AIM,3
118,ALF,3
3552,UBC4/5,3
513,CDA12,3
120,ALK1,3
3602,VMA10,3
303,BCRP1,3
603,CLF,3
468,CAS1,3
3386,TEM,3
466,CART1,3
540,CED12,3
186,ARAT,3
123,ALR,3
20,A3A,3
3237,ST2,3
427,CAF-1,3
2398,OR7E74P,2
2400,OR912-108,2
3543,U5B1,2
2399,OR7E75P,2
3544,U6,2
2397,OR7E73P,2
3176,SP-A,2
3541,U3B2,2
3533,TYRO4,2
2428,P115,2
2427,P110,2
3529,TUBA2,2
2425,P105,2
3530,TUBB2,2
2423,P10,2
3531,TUBB4,2
2421,P02,2
2420,P0,2
3532,TYR-TRNA,2
2419,P-PST,2
2418,OX2R,2
2417,OTX3,2
2416,OTSC12,2
3534,TYRRS,2
3538,U1P2A,2
2413,OSX,2
2412,OST,2
2411,OSR1,2
2410,OSF2,2
2409,OSF-2,2
2407,ORP1,2
2406,ORM,2
2405,ORF26,2
2404,ORF1,2
3536,U14,2
2403,OR912-46,2
2402,OR912-110,2
3537,U19,2
2401,OR912-109,2
2408,OSCP,2
3547,U82,2
2396,OR7E72P,2
2395,OR7E71P,2
2348,ODF,2
2349,ODZ3,2
2351,OFD1P1,2
2352,OFD1P2,2
2353,OI11,2
3551,UBC4,2
2354,OI12,2
2355,OI4,2
2356,OI6,2
2357,OLF1,2
2358,OLF4P,2
2359,OLFR42B,2
2360,OLFRA06,2
2361,OM,2
3550,UBC2,2
2347,ODC1L,2
2346,ODC,2
2345,ODA6,2
3556,UBCM2,2
2331,OBTP,2
2332,OCA8,2
2333,OCC-1,2
2334,OCC1,2
3557,UBH1,2
2335,OCIF,2
2336,OCP2,2
3553,UBC6,2
3555,UBCH8,2
2339,OCT1,2
2340,OCT2,2
3554,UBC7,2
2343,OCT6,2
2344,OCTD,2
2362,OOMD,2
2363,OP2,2
2364,OPG,2
3545,U62,2
3527,TTY6,2
2383,OR19-4,2
2384,OR19-5,2
2385,OR19-6,2
2386,OR19-7,2
2387,OR19-8,2
2388,OR21-1,2
2380,OR17-30,2
2389,OR25,2
2390,OR4F18,2
2391,OR6-1,2
2392,OR6-31,2
2393,OR7-21,2
2394,OR7E68P,2
2381,OR19-12,2
2379,OR17-25,2
2365,OPT,2
2372,OR11-22,2
2366,OR1-25,2
2367,OR11-1,2
2368,OR11-104,2
2369,OR11-11A,2
2370,OR11-12,2
2371,OR11-13,2
2373,OR11-3,2
2378,OR17-24,2
2374,OR11-55,2
2375,OR17-16,2
2376,OR17-2,2
3549,U87,2
2377,OR17-23,2
3548,U86,2
3528,TTY9,2
2457,P250,2
2431,P120(CAS),2
3448,TPS2,2
2535,PAD1,2
2536,PAFAH,2
2537,PAG,2
2538,PAGB,2
2539,PAGE-1,2
2540,PAI,2
2541,PAIS,2
3447,TPC,2
2432,P120(CTN),2
3446,TP55,2
3443,TP53TG3D,2
3439,TP2,2
3438,TP1,2
3436,TOP,2
3435,TOF,2
2542,PAK5,2
2534,PAD,2
3450,TPTPS,2
3451,TPX1,2
3453,TR-1,2
3464,TRAP-1,2
2517,P8MTCP1,2
3460,TRAD,2
2521,PAAT,2
2522,PAB1,2
2523,PABP1,2
2524,PABP2,2
2525,PABP3,2
2526,PABP4,2
2527,PABPL1,2
2528,PAC-1,2
3458,TRAC-1,2
2530,PAC2,2
2531,PACAP,2
2532,PACER,2
3434,TOB55,2
3433,TNX,2
3432,TNT,2
3419,TM,2
3416,TLN,2
2553,PAPA,2
2554,PAPA1,2
2555,PAPPAS,2
2556,PAPT,2
2557,PAR,2
3415,TLL,2
3413,TIRP,2
3412,TIRAP3,2
3407,TIH1,2
2559,PAR-4,2
3405,TICAM-2,2
2562,PAR3,2
3404,TIC,2
2564,PARC,2
3418,TLX,2
3420,TMP-21-I,2
3431,TNRC14,2
3421,TMP21,2
3430,TNDM1,2
3429,TN-C,2
3428,TN,2
2544,PAM-1,2
2545,PAMP,2
3427,TMSNB,2
3426,TMSL8,2
3425,TMSB15B,2
2546,PAN2,2
2547,PAO,2
3424,TMSA,2
2549,PAP-ALPHA,2
2550,PAP-II,2
3423,TMS-1,2
3422,TMS,2
3465,TRAP1,2
2514,P80,2
2512,P78,2
2448,P20-ARC,2
3511,TSH2,2
3510,TSH1,2
3509,TSG,2
2455,P240,2
3507,TSBP,2
3506,TSARG1,2
2458,P25BETA,2
2459,P26,2
3504,TRYP2,2
3503,TRY4,2
3502,TRY3,2
2463,P2X5,2
2464,P2Y11,2
2467,P32,2
3501,TRY1,2
3512,TSK4,2
3515,TSPY1,2
3499,TRX1,2
3516,TSPY10,2
2433,P125,2
2434,P13,2
3526,TTY11,2
3525,TTTY9,2
3524,TTP1,2
2437,P140,2
3523,TTP,2
3522,TTMA,2
2440,P16,2
3521,TTG1,2
3520,TTF-1,2
3519,TTD,2
3518,TTC30B,2
3517,TSSK1,2
2447,P20,2
3500,TRX2,2
3498,TRX,2
3466,TRAP2,2
3477,TRIF,2
2497,P6,2
3475,TRF2,2
2499,P600,2
2500,P60TRP,2
3473,TRE,2
2503,P64,2
2505,P67,2
3471,TRB3,2
3470,TRB2,2
3469,TRB1,2
3468,TRB,2
2507,P7,2
2508,P70,2
2509,P73,2
2511,P76,2
3476,TRFP,2
3478,TRIM49D2P,2
3497,TRS4,2
3479,TRIM49L2,2
3496,TRP3,2
2475,P4,2
3495,TRP2,2
2477,P41,2
3492,TRNAV22,2
3491,TRNAN5,2
2482,P450C2D,2
2483,P450DB1,2
3489,TRNAMI2,2
3488,TRN2,2
3487,TRN1,2
3484,TRK1,2
3483,TRK,2
3482,TRIP1,2
3480,TRIM80P,2
2330,OBP,2
3564,UFD2,2
2329,OB1,2
2136,MRX,2
3640,XGPY,2
2128,MRP-S28,2
3639,XCE,2
2131,MRP6,2
2132,MRP7,2
3638,XAP4,2
3637,XAP3,2
2135,MRT1,2
2137,MRX15,2
2144,MSAP,2
2138,MRX17,2
2139,MRX2,2
2140,MRX31,2
2141,MRX99,2
2142,MRXSH,2
3636,XAGE1,2
2143,MS4A4,2
3635,XAGE-1,2
2127,MRP-L32,2
2126,MRP-L22,2
2125,MRP-L18,2
2124,MRP-L15,2
2108,MPPH,2
3645,YDR084C,2
2110,MRCL,2
2111,MRCL3,2
3644,Y4,2
2112,MRD1,2
2113,MRD63,2
2114,MRE11B,2
2116,MRG,2
3643,XPE,2
2118,MRG2,2
3642,XLOC_008466,2
2119,MRK,2
2120,MRLC2,2
3641,XLOC_000303,2
2122,MRP-2B,2
2123,MRP-L14,2
3634,WWP4,2
2146,MSH,2
2106,MPP11,2
2173,MU2,2
2167,MTR2,2
2168,MTS,2
3625,WD,2
3624,WC1,2
3623,WBSCR20B,2
2171,MTTK,2
3621,WASH,2
3620,WASF4,2
2175,MUC5,2
2147,MSK16,2
2176,MUC9,2
3618,VWS2,2
3617,VWS1,2
3616,VSD1,2
2177,MUHH,2
3615,VRP,2
2178,MUM1,2
2179,MUM2,2
2166,MTR1,2
3626,WMS,2
2165,MTP,2
2164,MTF1,2
3632,WT2,2
2149,MSPS,2
2150,MSR,2
2151,MSS1,2
2152,MSS4,2
2153,MSSP,2
3631,WSS,2
2155,MT-A70,2
3630,WS3,2
3629,WS,2
2157,MT1K,2
2159,MTB,2
2160,MTC,2
2161,MTCO2,2
2162,MTCP1,2
3628,WRS,2
3627,WR,2
2107,MPP6,2
2105,MPP,2
2328,OB,2
3664,ZNF286C,2
2048,MINT,2
2049,MIO,2
3667,ZNF757,2
2051,MIP-1-BETA,2
3666,ZNF705C,2
2053,MIP-5,2
3665,ZNF422,2
2055,MIP2,2
3663,ZNF20,2
3655,ZFP27,2
3662,ZNF183,2
3660,ZIP4,2
3659,ZIP3,2
3658,ZIP2,2
2058,MIR-129B,2
2059,MIR-199-S,2
2060,MIR1,2
3657,ZIP,2
2047,MINK,2
2046,MINERVA,2
3668,ZNF769,2
2045,MIHC,2
2030,MIA1,2
3671,ZWS,2
2031,MIB,2
2032,MIC-1,2
2033,MIC1,2
2034,MIC10,2
2035,MIEF1-MP,2
3670,ZRC1,2
2037,MIF2,2
2038,MIFR,2
2039,MIFR-1,2
2040,MIG-2,2
2041,MIG12,2
2042,MIG2,2
2043,MIG6,2
3669,ZNT8,2
2044,MIG7,2
3656,ZIN,2
2065,MK2,2
2104,MPD6,2
2095,MOR1,2
2086,MMGL,2
2087,MMP-25,2
2088,MMP25,2
2089,MN,2
3650,ZAC,2
2092,MONA,2
3649,Z18,2
2094,MOP3,2
2096,MOR2,2
2066,MK3,2
2097,MORF4LP4,2
2098,MOSP,2
3647,YRRM1,2
2100,MOX2,2
2101,MP1,2
2102,MP44,2
2103,MP70,2
3646,YMR292W,2
2085,MMDS3,2
2084,MMD1,2
2083,MM1,2
2082,MLT1,2
2067,MKPX,2
2068,MKS,2
3654,ZFP-91,2
2069,ML-1,2
2070,ML1,2
2071,MLC2,2
3653,ZETA,2
2072,MLC2B,2
3652,ZC2HC5,2
2074,MLCK2,2
2075,MLD,2
2076,MLL2,2
2077,MLL4,2
2078,MLM,2
3651,ZAC1,2
2080,MLP1,2
2081,MLT,2
2180,MURF2,2
2181,MYD88-4,2
3614,VR1,2
2284,NOT,2
2276,NOC4,2
2277,NOD,2
2278,NOD5,2
2279,NOL1,2
3583,UNQ192,2
3582,UMPK,2
2282,NOR1,2
2283,NOS,2
3581,ULG5,2
2293,NPH3,2
2286,NOTCH2NLA,2
3580,UIP1,2
3579,UGT2,2
3578,UGT1E,2
3577,UGT1C,2
2289,NP1,2
2290,NP2,2
2291,NPH1,2
2275,NOC2,2
2274,NOC,2
2273,NNX3,2
2272,NMTC1,2
2254,NIFU,2
2255,NIK,2
3585,UOG1,2
2258,NIRF,2
2259,NK1,2
2260,NK3,2
2261,NKAT,2
2262,NKH,2
2263,NKHC,2
2264,NKIR,2
2265,NKR,2
2266,NKX-1.1,2
2267,NL1,2
2268,NL2,2
2269,NLF1,2
2270,NLG1,2
2271,NLS1,2
2292,NPH2,2
2294,NPHL2,2
2183,MZF-1,2
3558,UBP,2
3561,UCRP,2
3560,UCMD1,2
2313,NSPLII,2
2314,NSR1,2
2315,NT,2
2316,NT3,2
3559,UBXD10,2
2318,NTE,2
2319,NTN,2
3574,UGT1.3,2
2320,NUP358,2
2321,NY-ESO-1,2
2322,NY-REN-2,2
2323,OAT1,2
2324,OAT4,2
2325,OAT6,2
2326,OATP1,2
2327,OAZ,2
3563,UDPGT 1-1,2
2312,NSP2,2
2565,PARF,2
3565,UGAT,2
2296,NPIPB,2
2297,NPL3,2
2298,NPY4-R,2
2299,NPYR,2
2300,NR1,2
2301,NR6,2
2302,NRF2,2
2303,NRK2,2
2305,NRXN4,2
3572,UGT1-03,2
2307,NS3TP1,2
2308,NSCL2,2
3569,UGT-1C,2
2309,NSE1,2
3567,UGT,2
3566,UGD,2
2310,NSE2,2
2253,NIF,2
2252,NGBR,2
2251,NG23,2
3595,V1S5P,2
3600,VIP21,2
2197,NAP2,2
3599,VINC,2
2198,NAPB,2
2199,NAPOR,2
3597,VCF,2
3596,VATB,2
2200,NAT-1,2
2202,NAT3,2
2250,NG2-6,2
2203,NAT5,2
2204,NAT5P,2
2205,NAT6,2
2206,NATD,2
2207,NATF,2
2208,NB,2
2209,NBC2,2
2210,NBC3,2
3601,VIT1,2
2196,NAP1L,2
3603,VMA2,2
2194,NALD,2
3613,VPS55,2
3612,VPS54L,2
2185,NA88A,2
2186,NAAGS,2
3611,VPS24,2
3610,VPP3,2
3609,VPP2,2
3607,VP,2
3606,VMA6,2
2187,NABC1,2
2188,NAC,2
2189,NAC1,2
2190,NAC3,2
3605,VMA5,2
2191,NACHRA7,2
2192,NACT,2
3604,VMA4,2
2211,NBIA3,2
2212,NBIA4,2
3594,UTR,2
3592,UT2,2
2234,NEM2,2
2235,NEP,2
2236,NEPPK,2
3591,USP17,2
3590,US2,2
2239,NET2,2
2240,NET3,2
2241,NET4,2
2242,NET5,2
3587,UPA,2
2243,NET6,2
2244,NET7,2
3586,UP2,2
2246,NF-E1,2
2247,NF1HHS,2
2248,NF1L4,2
2249,NF1L6,2
2233,NEM1,2
2232,NEDSMBA,2
2214,NBP1,2
2231,NEDMEBA,2
2215,NBPF,2
2216,NBR,2
2217,NBS,2
2218,NBS1,2
2219,NC,2
2220,NCA,2
2221,NCC-3,2
2222,NCC3,2
2223,NCRNA00086,2
2224,NCRNA00087,2
2225,NDPP1,2
2226,NDR,2
3593,UTA,2
2227,NDR1,2
2228,NECC1,2
2229,NEDBA,2
2230,NEDF,2
3403,THRRS,2
2587,PCDHX,2
2566,PARP,2
3241,STA,2
2963,ROC2,2
2964,ROCHIS,2
3243,STAG3L2,2
3242,STAG3L1,2
2967,RP2,2
2969,RP58,2
2970,RP66,2
2971,RP7,2
3240,ST7,2
2982,RPS17L1,2
2973,RPL10P,2
3239,ST3GALII,2
2974,RPL17,2
2975,RPL17L,2
2976,RPL23,2
2977,RPL7A,2
2978,RPL7P,2
2979,RPML3,2
3244,STAG3L3,2
2962,ROC1,2
2961,RNU6-6,2
2960,RNU1P2,2
2946,RNF35,2
2947,RNF51,2
2948,RNF89,2
2949,RNH1,2
2950,RNS4,2
2951,RNTMI2,2
2952,RNU1,2
2953,RNU1-12P,2
3247,STAT5,2
3246,STAR,2
2954,RNU1-5,2
2955,RNU1-6,2
2956,RNU1-7,2
3245,STAP,2
2957,RNU1-8,2
2958,RNU12P,2
2959,RNU1P1,2
2981,RPP20,2
2983,RPS17L2,2
2872,RBM8B,2
3013,S31I125,2
3232,SST3,2
3006,S100,2
3007,S100A15,2
3008,S11,2
3231,SST2,2
3230,SST1,2
3011,S2,2
3012,S3,2
3014,S31III125,2
2984,RPS26,2
3229,SSS1,2
3228,SSF1,2
3016,S6,2
3227,SSF-1,2
3018,S8,2
3019,S9,2
3020,SA,2
3021,SAA,2
3233,SSX,2
3004,RZF,2
3003,RYR,2
3002,RWDD4A,2
2985,RPS27AP,2
3238,ST3GALA.2,2
2986,RPT5,2
2987,RRF,2
2988,RRP,2
2989,RRP2,2
2990,RRP4,2
2993,RSC8,2
2995,RSRFR2,2
2996,RSS,2
2997,RT6,2
3236,ST1A4,2
2998,RTA,2
2999,RTP,2
3235,ST1A3/ST1A4,2
3000,RTS,2
3001,RUS,2
2945,RNF3,2
2944,RNF21,2
2943,RNAH,2
2898,REX1,2
2891,RECQL3,2
2892,RED,2
3271,SXI1,2
2894,REG-III,2
2895,REGL,2
3270,SWS1,2
2896,REH,2
2897,RETSDR2,2
2899,RF1,2
2942,RNA5-8S5,2
2900,RFC,2
2901,RFP2,2
2902,RGP3,2
2903,RGP4,2
2905,RH4,2
2906,RHA,2
2907,RHBDL4,2
2908,RHC,2
2890,RECQL2,2
3272,SYM1,2
2889,RDS,2
3273,SYN,2
2874,RBP,2
2875,RBP2,2
2876,RBPI,2
2877,RC3,2
2878,RCA1,2
3280,T2R56,2
2880,RCC,2
2881,RCCP2,2
3279,T2D,2
2882,RCD1,2
2883,RCK,2
3278,T2,2
3276,SYT14L,2
3275,SYT,2
2886,RDC-1,2
2887,RDC1,2
3274,SYN1A,2
2909,RHE,2
2910,RHOGAP2,2
2911,RHPI,2
2928,RIS1,2
3258,STRAP,2
2931,RLP1,2
3257,STRA13,2
3256,STP,2
2932,RMD1,2
2933,RMD2,2
3254,STK7,2
2935,RN,2
3253,STK22D,2
3252,STK2,2
3251,STK1,2
3250,STIP-1,2
3249,STIP,2
2939,RNA18S5,2
2940,RNA28S5,2
2941,RNA45S5,2
3248,STD,2
2929,RITA,2
2927,RIP5,2
3267,SWD2,2
3259,STSL,2
2912,RIA1,2
2913,RIC8,2
2914,RIF,2
3266,SWAP,2
2915,RIF1,2
3265,SUT2,2
3264,SUR2,2
2918,RIM,2
2919,RING2,2
2920,RING5,2
2921,RINZF,2
3263,SUP,2
2923,RIP-1,2
2925,RIP2,2
2926,RIP3,2
3262,STY,2
3261,STX,2
3022,SAC2,2
3226,SSC1,2
3023,SAC3,2
3189,SPC3,2
3192,SPG49,2
3117,SIGLECP2,2
3191,SPG,2
3119,SIL,2
3120,SIMP,2
3121,SIN,2
3190,SPC7,2
3123,SIP-1,2
3125,SIR2,2
3097,SET7,2
3126,SK1,2
3127,SK2,2
3128,SKD1,2
3129,SKD2,2
3188,SPC1,2
3131,SKIP1,2
3187,SPB1,2
3186,SPAP1,2
3116,SIGLECP1,2
3115,SHSF3,2
3193,SPGF52,2
3114,SHP1,2
3098,SF,2
3099,SFD,2
3100,SFTP1,2
3101,SG2NA,2
3102,SGD1,2
3103,SGII,2
3104,SGN1,2
3105,SGS,2
3197,SPK,2
3107,SGT2,2
3108,SH120,2
3109,SH2B,2
3196,SPIN,2
3195,SPH2,2
3112,SHFM1,2
3194,SPH1,2
3113,SHMT,2
3185,SPANXE,2
3134,SLC35E2,2
3135,SLC62A1,2
3157,SMT3A,2
3159,SMUC,2
3160,SN,2
3161,SNAPA,2
3162,SNF2,2
3163,SNF2LB,2
3179,SPA1,2
3164,SNF7,2
3178,SP17,2
3166,SNRNP65,2
3167,SNRPB1,2
3168,SNT1,2
3169,SNT2,2
3177,SP1,2
3171,SODF,2
3172,SOF1,2
3173,SOLO,2
3174,SOSS-B1,2
3158,SMT3B,2
3156,SMRP,2
3136,SLEB6,2
3155,SMP1,2
3184,SPANXC,2
3138,SLP1,2
3139,SLP4,2
3140,SM25H2,2
3142,SMA3-L,2
3143,SMA4,2
3183,SPANX-E,2
3144,SMAC3L,2
3146,SMAP-1,2
3147,SMAP2,2
3148,SMCC,2
3149,SMF,2
3150,SMG,2
3151,SMILE,2
3152,SMIT2,2
3181,SPANX-A,2
3180,SPANX,2
3198,SPLA2,2
3199,SPMD,2
3024,SAD1,2
3053,SCAR1,2
3046,SBP,2
3047,SBP1,2
3048,SC1,2
3220,SRS,2
3049,SCA2,2
3050,SCA31,2
3051,SCA4,2
3052,SCA8,2
3054,SCAR2,2
3200,SPN,2
3055,SCC1,2
3056,SCCA1,2
3218,SRP40,2
3058,SCHAD,2
3059,SCKL4,2
3061,SCN1,2
3062,SCOX,2
3217,SRP1,2
3045,SBBI31,2
3044,SAX3,2
3043,SAX2,2
3042,SAT1,2
3225,SSB2,2
3025,SAE2,2
3026,SAG,2
3027,SALF,2
3028,SAMS,2
3029,SAN,2
3030,SANDO,2
3031,SAP,2
3224,SSB1,2
3223,SSAO,2
3035,SAPL,2
3222,SSA,2
3037,SAR1,2
3038,SARA,2
3039,SARS,2
3040,SAS,2
3041,SAST,2
3064,SCP-2,2
3065,SCP1,2
3216,SRK,2
3080,SDR25C1,2
3204,SPRK,2
3081,SEA,2
3082,SEDLP1,2
3083,SEF,2
3084,SEMA,2
3203,SPRING,2
3085,SEMAF,2
3086,SEMAL,2
3087,SEMG,2
3088,SEN1,2
3202,SPP2,2
3090,SEP1,2
3201,SPO,2
3091,SEP2,2
3092,SEPT2,2
3093,SERRS,2
3094,SERS,2
3206,SPS1,2
3207,SPT2,2
3215,SRC2,2
3079,SDR1,2
3066,SCP2,2
3067,SCP3,2
3214,SRC1,2
3068,SCYA15,2
3213,SRBC,2
3069,SCYA2,2
3070,SCYA3L,2
3210,SR,2
3071,SCYA3L1,2
3072,SCYA4L,2
3073,SCZD9,2
3074,SD,2
3209,SPX1,2
3208,SPT3,2
3076,SDH1,2
3077,SDH2,2
3078,SDP1,2
2873,RBMY2,2
2871,RBM2,2
2567,PARPL,2
2668,PIX1,2
2662,PIP1,2
2663,PIR-B,2
2664,PIRB,2
2665,PIT-1,2
3358,TCRAV8S1,2
3357,TCRAV7S1,2
2666,PIT1,2
2667,PIUS,2
2669,PK,2
2676,PKL,2
2670,PK1,2
2671,PK3,2
3356,TCRAV5S1,2
3355,TCRAV4S1,2
2672,PKB,2
2673,PKD3,2
2674,PKD4,2
2675,PKK,2
2661,PIMT,2
2660,PIG9,2
2659,PIG8,2
3359,TCRAV8S2,2
2645,PHS,2
2646,PHS2,2
2647,PI,2
3365,TCRBV14S1,2
3364,TCRBV13S1,2
2650,PI7,2
3363,TCRBV12S3,2
2651,PIF,2
2652,PIG-U,2
2653,PIG11,2
2654,PIG2,2
3362,TCRBV12S2,2
2655,PIG3,2
2656,PIG4,2
3360,TCRAV9S1,2
2657,PIG5,2
2658,PIG6,2
3354,TCRAV3S1,2
2677,PKR1,2
3281,T6,2
2701,PN1,2
2695,PMS2L11,2
2696,PMS2L2,2
3342,TCRAV20S1,2
2697,PMS4,2
2698,PN,2
3341,TCRAV1S2,2
2699,PN-I,2
2700,PN-II,2
3340,TCRAV1S1,2
2678,PKR2,2
2702,PNK,2
2703,PNR,2
2704,PNUTL3,2
2705,POB1,2
2706,POD1,2
3339,TCRAV19S1,2
3338,TCRAV18S1,2
2709,POM121L1,2
2694,PMR1,2
2693,PMI1,2
3343,TCRAV21S1,2
2691,PM5,2
3353,TCRAV32S1,2
3352,TCRAV31S1,2
3351,TCRAV30S1,2
3350,TCRAV2S1,2
3349,TCRAV28S1,2
2683,PLAP-1,2
3348,TCRAV27S1,2
2684,PLB,2
2685,PLCE,2
3347,TCRAV26S1,2
3346,TCRAV25S1,2
2686,PLGLA1,2
2687,PLGP1,2
2688,PLGP2,2
2689,PLIP,2
3345,TCRAV24S1,2
3344,TCRAV22S1,2
2644,PHR1,2
3366,TCRBV15S1,2
2642,PHLP3,2
2596,PCT,2
2588,PCGF4,2
2589,PCH3,2
2590,PCL,2
2591,PCL1,2
2592,PCN,2
2593,PCN3,2
3387,TEN1,2
2595,PCPB,2
2597,PCTAIRE,2
2641,PHLP,2
3385,TEL2,2
2600,PDA2,2
2601,PDF,2
3384,TEF3,2
2603,PDIR,2
3383,TEBP,2
2604,PDS,2
2605,PDZD5C,2
3175,SOSS-B2,2
2586,PCDH22,2
2585,PCDH2,2
3388,TER,2
2568,PARS,2
2569,PAS-2,2
2570,PAT1,2
2571,PB,2
3402,THRA1,2
2573,PBF,2
2574,PBI,2
3400,THC2,2
2576,PBS,2
3399,TGT,2
3398,TGR,2
3397,TGIF,2
3396,TFP,2
3394,TFIIIB90,2
3391,TFIIA,2
3390,TFI,2
3389,TERA,2
3382,TEB1,2
2607,PDZK5C,2
3381,TE2,2
2628,PGG/HS,2
3375,TCS3,2
3374,TCS1,2
3373,TCRGV5P,2
2630,PGII,2
3372,TCRG,2
3370,TCRBV3S1,2
2632,PGR2,2
2633,PGS2,2
2634,PH,2
2635,PH2,2
2636,PH2A/F,2
3369,TCRBV2S1,2
2637,PHD1,2
2638,PHERS,2
2639,PHHI,2
3368,TCRBV25S1,2
3367,TCRBV21S1,2
3376,TCTEX4,2
2627,PGDS,2
2609,PE-1,2
2626,PGDH,2
3380,TDPX2,2
2611,PEHO,2
3379,TDO,2
3378,TDGF2,2
2613,PEO,2
2615,PEPP-2,2
2616,PEPP1,2
3377,TDE2,2
2617,PEPP2,2
2618,PERRS,2
2619,PFD,2
2620,PFHB1,2
2621,PFHB1B,2
2622,PFIC4,2
2623,PFM1,2
2624,PGAM-B,2
2625,PGD2,2
2710,POP1,2
3337,TCRAV17S1,2
3336,TCRAV16S1,2
2822,PTG,2
2815,PTA,2
2816,PTA1,2
3296,TANGO,2
2818,PTC1,2
3295,TAN1,2
2819,PTE2,2
2820,PTEN2,2
2821,PTEX,2
2823,PTGES3P,2
3307,TBC1D3C,2
2824,PTH1,2
2825,PTH2,2
2826,PTHR,2
3294,TAMO,2
2828,PTPRZ,2
2829,PTPU2,2
3293,TAL-H,2
2831,PTX2,2
2814,PST,2
2813,PSS2,2
3297,TAO1,2
2811,PSPA,2
2796,PSD,2
2797,PSEUDO-ICE,2
2798,PSF,2
2799,PSF1,2
2800,PSF2,2
3304,TAZ,2
2802,PSG10,2
3303,TAX1BP2,2
2803,PSGGA,2
3302,TAT1,2
2804,PSISSX8,2
3301,TASP,2
3300,TARG1,2
2807,PSMD15,2
3299,TAR-5,2
2809,PSP-A,2
2810,PSP2,2
2832,PUM,2
2833,PUMA-G,2
2834,PUMAG,2
3288,TAG,2
2854,RAI1,2
2855,RAK,2
3286,TAF2C2,2
2857,RAM1,2
2858,RAM2,2
3285,TAF2A,2
2860,RANBP2L1,2
3284,TAF,2
2862,RANBP7,2
3283,T9,2
2864,RAP1GA1,2
2865,RAR,2
2866,RAR2,2
2867,RARF,2
2868,RAY,2
2869,RBM,2
3282,T6BP,2
3287,TAFII105,2
2852,RAGE,2
2835,PUR1,2
2851,RAET1H,2
2836,PWCR,2
2837,PXMP1,2
2838,PXR1,2
2839,PYPAF7,2
2840,QARS,2
2841,QP-C,2
2842,QPC,2
2029,MHF1,2
3292,TAL,2
2845,R51H3,2
2846,RAB1,2
2847,RAB39,2
2848,RAB7,2
3291,TAKR,2
3290,TAK1,2
2850,RAD26L,2
3289,TAH1,2
2795,PSCTK2,2
2794,PSC5,2
3335,TCRAV15S1,2
2740,PPN,2
2732,PP5,2
2733,PP610,2
2734,PPCD,2
2735,PPCD1,2
3329,TCP11X2,2
2737,PPH3,2
3328,TCI,2
2739,PPK,2
2741,PPP1R6,2
2793,PSBG-9,2
2742,PPS,2
2743,PPT,2
2744,PPT-2,2
2745,PPYR1,2
3327,TCF6L3,2
3326,TCF6L1,2
2747,PR1/PR2,2
2748,PRAAS3,2
2731,PP4,2
2730,PP2CE,2
2729,PP2CB,2
2728,PP2CALPHA,2
2713,PORC,2
2714,PORMIN,2
2715,POST,2
3334,TCRAV13S1,2
2717,POTE22,2
2718,POTE2BETA,2
2719,POTEB,2
2720,POU5F1,2
2721,PP,2
3333,TCRAV12S1,2
3332,TCRAV11S1,2
2723,PP17,2
2724,PP18,2
2725,PP1C,2
2726,PP2C-DELTA,2
2727,PP2CA,2
3331,TCRAV10S1,2
2749,PRAF1,2
2750,PRAP,2
3325,TCF-4,2
3319,TCEB1P26,2
2774,PRP2,2
2775,PRP4,2
2776,PRP8,2
3318,TCEB1L,2
2778,PRR2,2
3317,TCBA1,2
3316,TC4,2
3315,TC2,2
3313,TC-1,2
3312,TC,2
2785,PRSSL1,2
2786,PRX1,2
2787,PRX2,2
2788,PS1,2
3310,TBL1,2
3309,TBC1D3L,2
2792,PSBG-11,2
2773,PRP-1/PRP-2,2
2771,PROX,2
2752,PRG,2
3320,TCEB3C,2
2753,PRG-3,2
3324,TCF-3,2
3323,TCF-1,2
2755,PRG2,2
2756,PRG3,2
2757,PRG5,2
2758,PRGA,2
2759,PRH,2
3322,TCEB3L2,2
2761,PRK1,2
2762,PRKAR1,2
2763,PRKAR2,2
2765,PRL3,2
2766,PRO1,2
2767,PRO1068,2
2768,PRO1278,2
3321,TCEB3CL,2
0,10Q23DEL,2
1836,L32MT,2
2027,MGL,2
671,CPN2,2
661,COX2,2
662,COX4,2
663,COX7AL,2
664,CP11,2
665,CP27,2
666,CPAD,2
667,CPI17-LIKE,2
668,CPLA2,2
669,CPLA2-BETA,2
670,CPN1,2
672,CPS1,2
658,COT,2
673,CPSB,2
674,CPSQ3,2
675,CPT,2
677,CPT1-M,2
678,CPTI-M,2
680,CPX1,2
681,CPX2,2
683,CRA,2
684,CRABP-I,2
685,CRABP-II,2
660,COX11P,2
657,CORD5,2
631,CMT2B2,2
643,CNIL,2
633,CMT2T,2
634,CMT4E,2
635,CMYA2,2
636,CN-IB,2
637,CN1,2
638,CN1B,2
639,CNA2,2
640,CNAP1,2
641,CNC,2
642,CNG4,2
644,CNK,2
656,COM1,2
645,CNR1,2
646,CO4,2
648,COAS2,2
649,COAS3,2
650,COD1,2
651,COD3,2
652,COD4,2
653,COD5,2
654,COII,2
655,COL6A4,2
686,CRAM,2
687,CRD,2
688,CREB-2,2
736,CT24.2,2
723,CSS3,2
725,CT,2
726,CT-2,2
727,CT1,2
728,CT1.2,2
729,CT11.1,2
731,CT12.1,2
732,CT12.1B,2
733,CT134,2
734,CT19,2
738,CT4.4,2
689,CREB2,2
740,CT4.8,2
742,CT45-3,2
743,CT45-4,2
746,CT45A2,2
747,CT45A4,2
749,CT45A6,2
750,CT45A7,2
751,CT45A8,2
752,CT45A9,2
753,CT47,2
720,CSRP2BP,2
719,CSRP,2
718,CSR,2
717,CSN1,2
690,CRF,2
691,CRHSP24,2
692,CRIP,2
693,CRL1,2
694,CRL2,2
695,CRN,2
696,CRN7,2
697,CRP,2
699,CRP2,2
700,CRP3,2
703,CRT1,2
704,CRT2,2
705,CRYG5,2
707,CS-2,2
708,CS1,2
710,CSB,2
711,CSBP,2
712,CSBS,2
713,CSD,2
714,CSE,2
715,CSF,2
632,CMT2D,2
630,CMT2A,2
509,CD33L2,2
554,CFM2,2
544,CELL,2
545,CENP-S,2
546,CEP1,2
547,CEP110,2
548,CEP2,2
549,CEP4,2
550,CFAG,2
551,CFC,2
552,CFD1,2
553,CFHL3,2
555,CFP1,2
542,CEH,2
558,CGB,2
559,CGI-141,2
560,CGRP,2
561,CHAMP,2
562,CHC,2
564,CHE1,2
566,CHED2,2
567,CHIF,2
568,CHIP28,2
569,CHK,2
543,CELIAC1,2
541,CED4,2
629,CMT2,2
523,CDH7,2
511,CD98,2
512,CDA1,2
514,CDC14B2,2
515,CDC2,2
516,CDC25,2
517,CDC25L,2
519,CDF,2
520,CDG1P,2
521,CDG2T,2
522,CDH14,2
524,CDK11,2
538,CED,2
525,CDK11-P110,2
526,CDK11-P46,2
527,CDK11-P58,2
528,CDK4I,2
529,CDKN2,2
530,CDM,2
531,CDP,2
533,CDR1AS,2
534,CDR1NAT,2
535,CDW32,2
570,CHL,2
571,CHN,2
572,CHP,2
616,CLS,2
604,CLG,2
605,CLIM1,2
607,CLK-1,2
608,CLK1,2
609,CLL1,2
610,CLM,2
611,CLMF,2
612,CLNS1B,2
614,CLP1,2
615,CLPSMCR,2
617,CLU1,2
573,CHS1,2
618,CMG1,2
619,CMK,2
620,CMM8,2
621,CMPD1,2
622,CMPD2,2
623,CMS1A,2
624,CMS1B,2
625,CMS1D,2
627,CMS4C,2
628,CMT1,2
602,CLECSF13,2
601,CLEC13B,2
600,CLE,2
599,CLDN21,2
574,CHSY2,2
575,CIA,2
576,CIB,2
577,CILD28,2
578,CILD38,2
579,CINAP,2
580,CIP,2
581,CIP1,2
583,CIRS-7,2
586,CK20,2
587,CKB1,2
588,CKMT1,2
589,CKR-1,2
590,CKS1,2
591,CL1,2
593,CLA1,2
594,CLA20,2
595,CLAC,2
596,CLAMP,2
597,CLAN,2
598,CLC2,2
754,CT5.2,2
755,CT5.4,2
756,CT58,2
923,DRP-1,2
913,DP3,2
914,DPK,2
915,DPPIV,2
916,DQA1,2
917,DR4,2
918,DRB1,2
919,DRF1,2
920,DRG-1,2
921,DRG1,2
922,DRP,2
924,DRP-2,2
908,DOR1,2
926,DRP3,2
927,DRS,2
928,DRS1,2
930,DSC1,2
931,DSEP,2
932,DSH,2
933,DSK2,2
936,DTR,2
937,DUP,2
938,DUSP13,2
909,DORV,2
907,DOR,2
757,CT6.1,2
886,DLD,2
876,DIPP-2B,2
877,DIVA,2
878,DJ221C16.8,2
879,DJ222E13.1,2
880,DJ353E16.2,2
881,DJ388M5,2
882,DJ760C5.1,2
883,DK1,2
884,DLC1,2
885,DLC2,2
888,DLP1,2
906,DOC2,2
889,DM1,2
890,DM2,2
891,DMC,2
892,DMRV,2
895,DNF15S2,2
896,DNM1DN10@,2
898,DNM1DN14@,2
899,DNM1DN15@,2
900,DNM1DN16@,2
904,DOC-1,2
939,DUSP24,2
940,DUSP27,2
941,DUX10,2
986,EEG1,2
975,EDG-2,2
976,EDG1,2
977,EDG2,2
978,EDH17B2,2
979,EDHB17,2
980,EDM4,2
982,EEF-1,2
983,EEF1AL,2
984,EEF1B,2
985,EEF1B1,2
987,EF1A,2
942,DUX4,2
988,EF1B,2
989,EFA6R,2
990,EFG,2
991,EFTUD1,2
992,EHK,2
993,EHK1,2
994,EHK2,2
995,EIF-2A,2
997,EIF-2GA,2
998,EIF-4C,2
974,EDF,2
973,EDA3,2
972,ED3,2
971,ECYT7,2
943,DVL,2
944,DVL1L1,2
945,DXS648E,2
946,DYT14,2
947,DYT23,2
949,E1B,2
951,E2-1,2
953,E4,2
954,E4TF1,2
955,E4TF1B,2
956,EA1,2
958,EAP2,2
960,EBN,2
961,EBN1,2
962,EBP,2
964,EBS3,2
965,EBS4,2
966,ECA2,2
967,ECGF,2
969,ECGP,2
970,ECK,2
875,DIP2,2
872,DIM1,2
871,DIFF6,2
798,CYPH,2
786,CXXC11,2
787,CYK4,2
788,CYP-M,2
789,CYP1,2
790,CYP11B,2
792,CYP2B,2
793,CYP2B7,2
795,CYP2D,2
796,CYP2D7AP,2
797,CYPD,2
799,CYPIIIA7,2
812,DA1,2
800,CYPL1,2
801,CYSRS,2
803,D1,2
804,D10S102,2
805,D14S1460,2
806,D17S1718,2
807,D2,2
808,D3,2
809,D3F15S2,2
810,D4,2
785,CXORF52,2
784,CXORF2,2
783,CXORF11,2
782,CXDELQ22.3,2
758,CT64,2
759,CT72,2
761,CT79,2
762,CT90,2
763,CTA,2
764,CTB,2
766,CTF5,2
767,CTG26,2
768,CTHM,2
769,CTLA1,2
770,CTP9,2
771,CTPA,2
772,CTPP1,2
774,CTRCT42,2
775,CTRP5,2
776,CTSO1,2
777,CUPID1,2
778,CV2,2
779,CX30.2,2
780,CX58,2
781,CX59,2
811,D6S230E,2
814,DAB1,2
870,DIA2,2
856,DFNA3,2
844,DEFB-4,2
845,DEFB-5,2
846,DEFB-6,2
847,DEFB-8,2
848,DEFB103,2
850,DEFB3,2
851,DEFB4,2
853,DELTA1,2
854,DELXQ22.3,2
855,DFNA2,2
857,DFNA52,2
815,DAC,2
858,DFNB102,2
859,DFNB26,2
860,DFNB35,2
861,DFNB6,2
863,DGPT,2
864,DGS,2
865,DHP,2
866,DHS,2
867,DHX40P,2
868,DIA,2
843,DEFB-3,2
842,DEF3,2
841,DEC1,2
840,DEC-205,2
816,DADR,2
817,DAGK,2
818,DAGK5,2
819,DAGK6,2
821,DAND1,2
822,DAP,2
824,DAP4,2
825,DAR,2
826,DBC1,2
827,DBM,2
828,DBP,2
829,DBS,2
830,DC7,2
831,DCP1,2
832,DCR1,2
833,DCR2,2
834,DCT1,2
835,DD,2
837,DDAH,2
838,DDC8,2
839,DDX26,2
510,CD97,2
507,CD277,2
1001,EIF1A,2
169,APM-1,2
158,AOS1,2
160,AP2,2
161,AP47B,2
162,APC1,2
163,APC2,2
164,APC4,2
165,APC7,2
166,APE,2
167,APG1,2
168,APITD1,2
170,APM1,2
156,AOH1,2
171,APO-CIV,2
172,APOBEC1L,2
173,APOC-IV,2
174,APP1,2
175,APR,2
176,APRIL,2
177,APRO5,2
178,APS,2
179,APS1,2
181,APT2,2
157,AOMS4,2
155,ANT1,2
125,ALS19,2
138,AMGL,2
128,ALT1,2
129,ALTMIEF1,2
130,ALURBP,2
131,ALX,2
132,AM,2
133,AMAC1,2
134,AMAP1,2
135,AMC1,2
136,AMD,2
137,AMDD,2
139,AML1-EVI-1,2
154,ANT,2
140,AMP,2
142,AMY,2
144,AMY2,2
146,AN2,2
147,ANCO1,2
148,ANCR,2
149,ANF,2
150,ANG1,2
151,ANG2,2
153,ANK,2
182,APY,2
183,AR,2
185,ARAP,2
235,ASPRS,2
222,ASB-3,2
223,ASC,2
225,ASC1,2
226,ASC2,2
227,ASE1,2
229,ASH1,2
230,ASH2,2
231,ASM,2
232,ASNRS,2
234,ASP1,2
236,ASPS,2
187,ARB1,2
237,AST,2
238,AT,2
240,AT2,2
242,AT744.2,2
243,ATD,2
244,ATDC,2
245,ATF,2
246,ATG8,2
248,ATP1A1,2
250,ATP5A1P9,2
221,ASB,2
220,ASAP,2
218,ARVD2,2
217,ARTS,2
188,ARB2,2
189,ARC20,2
190,ARC34,2
191,ARCC2,2
193,ARG,2
194,ARGRS,2
195,ARH1,2
196,ARH2,2
197,ARIA,2
198,ARIP1,2
199,ARK,2
200,ARM,2
201,ARM1,2
202,ARMD14,2
205,ARP10,2
208,ARP3,2
211,ARP6,2
212,ARP8,2
214,ARSC,2
215,ART,2
216,ARTC1,2
127,ALS6,2
124,ALS,2
506,CD25,2
45,ACCA,2
32,ABC1,2
33,ABH4,2
35,ABP,2
37,ABP1,2
38,AC1,2
39,ACA59,2
41,ACBP,2
42,ACC,2
43,ACC1,2
44,ACC2,2
46,ACECS1,2
30,AAT1,2
47,ACHRD,2
48,ACLS,2
49,ACN,2
50,ACP,2
51,ACRP,2
53,ACS2,2
54,ACS3,2
55,ACSM2,2
57,ACTBL1,2
58,ACTL6,2
31,AB14,2
29,AAC2,2
122,ALP1,2
12,87U6,2
2,20-ALPHA-HSD,2
3,2F1,2
4,3-ALPHA-HSD,2
5,35DAG,2
6,37LRP,2
7,464.2,2
8,5PTASE,2
9,60B8AG,2
10,61E3.4,2
11,67LR,2
13,9G8,2
28,AAC1,2
15,A15,2
16,A1B,2
17,A2,2
18,A20,2
19,A3,2
21,A3B,2
22,A3GALNT,2
24,A6,2
25,A8,2
27,AAAT,2
59,ACVRLK4,2
60,AD1,2
61,AD2,2
104,AIRP,2
90,AGS3,2
91,AGS4,2
92,AGS8,2
93,AGT1,2
94,AH,2
95,AHA1,2
96,AHH,2
97,AIB1,2
98,AIB3,2
99,AIBP,2
106,AIS1,2
62,AD3,2
107,AITD3,2
108,AK3L1,2
109,AK3L2,2
110,AK6,2
112,ALC1,2
113,ALDC,2
115,ALDH7,2
116,ALDR1,2
117,ALDRP,2
119,ALIEN,2
89,AGS2,2
87,AGPAT9,2
86,AGPAT8,2
85,AGPAT10,2
63,ADA1,2
64,ADAMTS-2,2
65,ADAMTS-4,2
66,ADC,2
67,ADF,2
68,ADHR,2
69,ADIR2,2
70,ADORA2,2
71,ADPN,2
72,ADPRTL2,2
73,ADPRTL3,2
74,ADR,2
75,ADRA1,2
76,AE2,2
77,AF,2
78,AF-1,2
79,AG1,2
80,AG2,2
82,AGC1,2
83,AGM1,2
84,AGP1,2
251,ATP6C,2
252,ATP6D,2
253,ATP6G,2
416,C9ORF36A,2
405,C6ORF37,2
406,C6ORF68,2
407,C6ORF8,2
409,C7,2
410,C7ORF28A,2
411,C7ORF55,2
412,C7ORF70,2
413,C82,2
414,C9ORF2,2
415,C9ORF36,2
417,CA-RP,2
403,C5A,2
420,CAB2,2
421,CABP,2
422,CAC,2
423,CAC1,2
425,CACH,2
426,CAD,2
429,CAF1A,2
430,CAF1B,2
431,CAHL,2
432,CAIN,2
404,C6ORF126,2
402,C53,2
254,ATPM,2
389,C17ORF106,2
378,C14ORF67,2
379,C14SR,2
380,C15ORF1,2
381,C15ORF38,2
382,C15ORF63,2
384,C16DUPP11.2,2
385,C16ORF15,2
386,C17,2
387,C17DUPP13.3,2
388,C17ORF1,2
390,C18ORF2,2
401,C4BP,2
391,C18ORF53,2
392,C1ORF175,2
393,C1QTNF15,2
394,C20ORF36,2
395,C20ORF37,2
396,C20ORF45,2
397,C21ORF77,2
398,C2ORF27B,2
399,C2ORF47,2
400,C3PO,2
434,CAL,2
435,CALDAG-GEFI,2
437,CALML2,2
490,CCN1,2
478,CBBM,2
480,CBF-B,2
481,CBG,2
482,CBL-3,2
484,CBWD3,2
485,CCAT,2
486,CCBP2,2
487,CCD1,2
488,CCL,2
489,CCL4L,2
491,CCP1,2
439,CAM1,2
492,CCR10,2
493,CCRL1,2
494,CCTA,2
495,CCTB,2
498,CD158A,2
500,CD16,2
501,CD16A,2
502,CD182,2
504,CD20,2
505,CD205,2
477,CAV,2
476,CATL,2
475,CATCH22,2
473,CAT1,2
441,CAM3,2
442,CAMB,2
443,CAMC,2
445,CAMK,2
448,CAP1,2
449,CAP1A,2
450,CAP2,2
451,CAP3,2
452,CAPB,2
453,CAPC,2
455,CAPS1,2
458,CAR1,2
459,CAR2,2
460,CARDINAL,2
461,CARF,2
462,CARK,2
463,CARMEN,2
465,CARP-2,2
469,CAS2,2
471,CAST,2
472,CAT,2
376,C12ORF2,2
375,C11ORF5,2
374,C11ORF48,2
300,BCDS1,2
286,BAM,2
287,BAP,2
288,BAP-1,2
289,BAP1,2
290,BAP18,2
292,BART,2
295,BB2,2
297,BCAP,2
298,BCD1,2
299,BCD541,2
301,BCH,2
314,BDPLT16,2
302,BCOX,2
304,BCS,2
305,BCS1,2
306,BD-3,2
307,BD-4,2
308,BD-5,2
309,BD-6,2
310,BDA2,2
311,BDK,2
312,BDP,2
284,BAF190,2
283,BA548K23.1,2
282,B9,2
281,B7-H5,2
257,ATS,2
258,ATS2,2
259,ATTP,2
261,ATX1,2
262,AU,2
263,AUGA,2
264,AUTL1,2
265,AVP,2
266,AZ1,2
267,AZ2,2
268,AZI,2
269,AZI1,2
271,B12,2
272,B17,2
273,B18,2
274,B2,2
276,B37,2
277,B3GNT1,2
278,B4,2
279,B5,2
280,B61,2
313,BDPLT1,2
315,BDPLT2,2
373,C11ORF4,2
355,BSC,2
344,BOS1,2
345,BP75,2
347,BR,2
348,BRCC1,2
349,BRCC2,2
350,BRF-1,2
351,BRIGHT,2
352,BRWD2,2
353,BRX,2
354,BS,2
356,BSP1,2
316,BEC1,2
360,BTN1,2
361,BTR,2
362,BUB1A,2
364,BXDC3,2
366,C10ORF101,2
367,C10ORF2,2
368,C10ORF50,2
369,C10ORF77,2
371,C11ORF2,2
372,C11ORF3,2
343,BOR,2
341,BOCA,2
340,BNSP,2
339,BMND12,2
317,BEDP,2
318,BETA-1,2
319,BETA-4,2
320,BETA2,2
321,BETA3GN-T8,2
322,BETA4GALNACT,2
323,BFD,2
324,BFNC,2
326,BGP,2
327,BGR,2
328,BH,2
329,BHD,2
330,BHLHB9,2
331,BHLHE38,2
332,BHLHE42,2
333,BIG3,2
334,BIP,2
335,BIS,2
336,BM600,2
337,BMD,2
338,BMH,2
999,EIF-4D,2
1002,EIF1AP1,2
2025,MFT,2
1705,IL-7,2
1692,IGL,2
1695,IGNT,2
1696,IGSF13,2
1697,IGVPB,2
1698,IHG1,2
1700,IK1,2
1701,IL-1RA,2
1702,IL-20,2
1703,IL-21,2
1704,IL-23,2
1706,IL1RA,2
1687,IGHER,2
1707,IL8RA,2
1708,ILERS,2
1709,ILFS2,2
1710,ILT5,2
1712,IMD2,2
1713,IMD28,2
1714,IMD7,2
1715,IMP,2
1716,IMP-3,2
1719,IMP3,2
1689,IGHV3-3,2
1686,IGHD1B,2
1655,IAN2,2
1669,IDH,2
1658,IBD1,2
1660,IBP1,2
1661,ICBP90,2
1662,ICE,2
1663,ICIS,2
1664,ICLN,2
1665,ICR,2
1666,IDD,2
1667,IDDM1,2
1668,IDDM20,2
1670,IDP,2
1682,IGFBP3R,2
1671,IF,2
1672,IFI-4,2
1673,IFITMD8,2
1674,IFN-ALPHA-REC,2
1675,IFN-ALPHAI,2
1677,IFNT1,2
1678,IFP1,2
1679,IGEL,2
1680,IGER,2
1681,IGFBP-3R,2
1720,IMP4,2
1721,IMP5,2
1722,INCA,2
1763,KAP1,2
1752,JP1,2
1753,JP2,2
1754,JTK5,2
1756,K12,2
1757,K13,2
1758,K35,2
1759,K7,2
1760,K8,2
1761,KAL,2
1762,KAP,2
1764,KAP1.6,2
1723,INFE1,2
1765,KAP10.9,2
1766,KAP2.3,2
1767,KAP2.4,2
1768,KAR,2
1770,KAT1,2
1771,KAT4,2
1773,KCNA8,2
1774,KCNJN1,2
1775,KCP1,2
1776,KCR1,2
1751,JP,2
1750,JDP1,2
1749,J3,2
1746,ISWI,2
1724,ING2,2
1725,INOS,2
1726,INT1,2
1727,INT2,2
1728,INT3,2
1729,INT4,2
1730,INT6,2
1731,INV,2
1733,IP3R,2
1734,IPLA1A,2
1735,IPOB,2
1736,IPP1,2
1737,IPS,2
1738,IPS-1,2
1739,IPS1,2
1740,IRAP,2
1741,IRBP,2
1742,IRT1,2
1743,ISGF-3,2
1744,ISO1,2
1745,ISSX,2
1656,IAN6,2
1654,IA4,2
1536,HLA-CDA12,2
1578,HOS,2
1567,HNRNP-G,2
1568,HNRPA1L3,2
1569,HNRPA3,2
1570,HNRPG,2
1571,HNT,2
1572,HOAT4,2
1573,HOD,2
1574,HOKPP,2
1575,HOM-MEL-40,2
1577,HOPS,2
1580,HOX1D,2
1565,HNPCC,2
1584,HOX4E,2
1585,HP,2
1586,HP-1,2
1588,HP3,2
1589,HPC2,2
1590,HPC8,2
1591,HPH-1,2
1592,HPH-3,2
1593,HPH2,2
1594,HPIP,2
1566,HNRNP,2
1564,HNP-1,2
1653,I1,2
1550,HMAT1,2
1539,HLA-DR1B,2
1540,HLA-DRB,2
1541,HLA-HA2,2
1542,HLAL,2
1544,HLP2,2
1545,HLP3,2
1546,HLS,2
1547,HLS2,2
1548,HLX1,2
1549,HM1,2
1551,HMCS,2
1563,HNK1ST,2
1552,HMG-1,2
1553,HMGB1L1,2
1554,HML,2
1555,HMN5,2
1556,HMR,2
1557,HMS,2
1558,HMSNP,2
1560,HN1L,2
1561,HN2,2
1562,HN3,2
1595,HPP,2
1596,HPP1,2
1597,HPR1,2
1640,HST16992,2
1629,HSP70.1,2
1630,HSP70.2,2
1631,HSP72,2
1632,HSPA1,2
1633,HSPC105,2
1634,HSPCA,2
1635,HSPCAL1,2
1636,HSPG,2
1638,HSST2,2
1639,HST,2
1641,HSTF1,2
1599,HPS2,2
1642,HTR,2
1643,HTR3,2
1644,HU-1,2
1645,HU-2,2
1646,HUB1,2
1648,HXBL,2
1649,HYPF,2
1650,HYPP,2
1651,HZF,2
1652,HZF1,2
1627,HSP70-1,2
1626,HSP70,2
1625,HSP40,2
1624,HSP27,2
1600,HRAS1,2
1601,HRCA1,2
1602,HREP,2
1603,HRES-1,2
1604,HRG,2
1605,HRG1,2
1606,HRG4,2
1607,HRH1,2
1608,HRMT1L3,2
1611,HSD11,2
1613,HSD2,2
1614,HSD3,2
1615,HSD3B,2
1616,HSDJ0798C17,2
1617,HSF2L,2
1618,HSFY,2
1619,HSJ-2,2
1620,HSJ2,2
1621,HSK1,2
1622,HSM,2
1623,HSMAD2,2
1777,KDAP,2
1778,KFSD,2
1779,KFSDX,2
1953,MAD3,2
1942,M-FABP,2
1944,M1,2
1945,M130,2
1946,M33,2
1947,M6A,2
1948,MAC-1,2
1949,MACS,2
1950,MAD,2
1951,MAD1,2
1952,MAD2,2
1954,MADA,2
1940,LYST2,2
1956,MADH6,2
1957,MADH7,2
1958,MADM,2
1959,MAGE1,2
1960,MAGE2,2
1961,MAGEE1,2
1962,MAK3,2
1963,MAL,2
1964,MAM-2,2
1965,MAM-3,2
1941,M-ABC2,2
1939,LYSOPAFAT,2
1780,KGA,2
1923,LRF,2
1912,LP,2
1913,LPAP,2
1914,LPC1,2
1916,LPD,2
1917,LPH,2
1918,LPLAT,2
1919,LPP1,2
1920,LPP2,2
1921,LPSAT,2
1922,LQT5,2
1924,LRH-1,2
1938,LYS2,2
1926,LRP/LR,2
1927,LRP9,2
1929,LSH,2
1930,LSK,2
1931,LST-1,2
1932,LST-2,2
1933,LST-3TM12,2
1935,LVG2,2
1936,LY-75,2
1937,LYP,2
1966,MAM2,2
1967,MAP-1,2
1968,MAP-2,2
2013,MEF,2
2001,MCT5,2
2002,MCT6,2
2003,MCT7,2
2004,MD1,2
2005,MDC,2
2006,MDCR,2
2007,MDDGC7,2
2008,MDR1,2
2010,MDSP,2
2011,ME2,2
2014,MEG1,2
1969,MAR1,2
2015,MEGT1,2
2016,MEL,2
2017,MELF2,2
2018,MENA,2
2019,MEP,2
2020,MER,2
2021,MES,2
2022,MET,2
2023,METRS,2
2024,METTL2,2
2000,MCT4,2
1999,MCT3,2
1994,MCPH4,2
1993,MCP2,2
1970,MARS,2
1971,MART1,2
1972,MART2,2
1973,MASA,2
1974,MASK,2
1975,MAST,2
1976,MAT,2
1978,MB1,2
1979,MBL,2
1980,MBP,2
1982,MBS,2
1983,MCAD,2
1984,MCAF,2
1985,MCAP,2
1986,MCD,2
1987,MCDR2,2
1988,MCH2,2
1989,MCL,2
1990,MCM,2
1991,MCMP,2
1992,MCP,2
1911,LOXL,2
1910,LOR,2
1909,LONP,2
1822,L15MT,2
1808,KSP37,2
1809,KV10.1,2
1810,KV11.1,2
1811,KV6.3,2
1812,L-UBC,2
1813,L1,2
1814,L10,2
1815,L10A,2
1819,L13A,2
1820,L14,2
1826,L1AG,2
1845,LAG-1,2
1828,L21,2
1829,L22,2
1830,L23,2
1831,L23A,2
1832,L24,2
1834,L30,2
1835,L31,2
1,12-LOX,2
1837,L4,2
1843,LACS2,2
1807,KS1,2
1806,KS,2
1805,KRTHB1,2
1804,KRTHA3A,2
1782,KIP1,2
1783,KIP2,2
1784,KIR,2
1785,KIR2DL5,2
1786,KIR2DL5B,2
1787,KLIP1,2
1789,KMT3F,2
1790,KMT3G,2
1791,KNO2,2
1792,KNTC1AP,2
1793,KNTC2AP,2
1794,KOP,2
1795,KOX2,2
1796,KOX21,2
1797,KOX31,2
1798,KOX5,2
1799,KRTAP18-9,2
1800,KRTAP18.1,2
1801,KRTAP2.1A,2
1802,KRTAP2.3,2
1803,KRTAP2.4,2
1844,LAD,2
1847,LAGE-2,2
1908,LOAS,2
1893,LINC00087,2
1882,LGMD1E,2
1884,LH2,2
1885,LHR,2
1886,LHRHR,2
1887,LIG2,2
1888,LIM1,2
1889,LIMS3L,2
1890,LIN-10,2
1891,LIN10,2
1892,LINC00086,2
1894,LINC00516,2
1848,LAGE2B,2
1895,LINC00846,2
1898,LIPA,2
1900,LKN-1,2
1901,LMN2,2
1902,LMNL1,2
1903,LMO7B,2
1904,LNC,2
1905,LNCR2,2
1906,LNMAT1,2
1907,LNP,2
1881,LGMD1D,2
1880,LGL2,2
1879,LGL1,2
1878,LGCR,2
1849,LAK,2
1850,LAM,2
1851,LAMB2,2
1852,LAMP,2
1854,LAN,2
1858,LARP,2
1859,LAS1,2
1860,LASS1,2
1861,LAT,2
1862,LAT1,2
1864,LBP,2
1865,LBP/P40,2
1867,LCA10,2
1868,LCAD,2
1869,LCN5,2
1870,LD,2
1872,LD78BETA,2
1873,LE,2
1874,LEU1,2
1876,LEURS,2
1877,LFA-1,2
1537,HLA-DPB1,2
1535,HL2,2
1005,EIF3-P110,2
1168,FOXD4B,2
1156,FIP3,2
1157,FIR,2
1158,FIX,2
1159,FJHN,2
1161,FKBP51,2
1162,FLIP,2
1163,FMD,2
1164,FMLP-R-II,2
1165,FMR1,2
1166,FMR2,2
1169,FOXD4L2,2
1153,FIH1,2
1170,FP,2
1171,FPRH1,2
1172,FPRH2,2
1173,FPS,2
1174,FRA,2
1175,FRAG1,2
1176,FRITZ,2
1178,FRP-2,2
1179,FRP1,2
1180,FS,2
1155,FIP1,2
1152,FIG,2
1125,FCERI,2
1138,FDH,2
1128,FCG3,2
1129,FCGR1,2
1130,FCGR2,2
1131,FCGR3,2
1132,FCHL2,2
1133,FCP,2
1134,FCR-10,2
1135,FCRI,2
1136,FCRIII,2
1137,FCT3A,2
1139,FE,2
1151,FIB2,2
1140,FEB3B,2
1141,FETA,2
1142,FEVR,2
1143,FEZ,2
1144,FGD2,2
1145,FGF-13,2
1146,FH,2
1148,FHL-1,2
1149,FHL1,2
1150,FHM3,2
1182,FSP2,2
1183,FUS1,2
1185,FY,2
1232,GCD10,2
1220,GAT3,2
1221,GATD6,2
1222,GBA,2
1223,GBBB2,2
1226,GCAP,2
1227,GCAP-I,2
1228,GCAP-II,2
1229,GCB,2
1230,GCCD2,2
1231,GCD,2
1235,GCOM1,2
1186,G0S19-2,2
1236,GCOM2,2
1238,GCP-1,2
1239,GCP-2,2
1241,GCP3,2
1242,GCR2,2
1243,GCS,2
1244,GDA,2
1246,GDH2,2
1247,GDN,2
1248,GE,2
1219,GAT2,2
1218,GASP-1,2
1215,GARS,2
1214,GARP,2
1187,G10,2
1188,G13,2
1189,G15,2
1190,G17,2
1191,G18,2
1193,G3PP,2
1194,G6PT,2
1195,GA,2
1196,GAAP,2
1199,GAGE-7,2
1200,GAGE-7B,2
1202,GAGE-9,2
1203,GAGE2,2
1204,GAGE7B,2
1205,GAGE8,2
1206,GAGED2,2
1208,GAL7,2
1209,GALNAC-T4,2
1210,GALNAC-T5L,2
1212,GAP,2
1213,GARI-L1,2
1126,FCG1,2
1123,FBXW6,2
1534,HL1,2
1048,ERK3,2
1036,EPO,2
1037,EPP,2
1038,EPPK,2
1039,EPR-1,2
1041,ERA,2
1043,ERG-1,2
1044,ERG1,2
1045,ERG3,2
1046,ERIS,2
1047,ERK,2
1049,ERK4,2
1034,EPAC,2
1050,ERP1,2
1051,ERP60,2
1052,ERV1,2
1053,ERVR,2
1054,ES1,2
1055,ES31,2
1057,ESA1,2
1059,ESG1,2
1061,ESP,2
1063,EST,2
1035,EPF5,2
1033,EP2,2
1121,FBW6,2
1018,ELK1,2
1006,EIF4A,2
1008,EIG7,2
1009,EIT-6,2
1010,EIT6,2
1011,EJM,2
1012,EJM6,2
1014,EKV,2
1015,EL,2
1016,EL32,2
1017,ELK,2
1019,ELK2,2
1031,EOS,2
1020,ELOA3,2
1021,ELOA3B,2
1022,ELOA3C,2
1023,EMA,2
1024,EMAP-2,2
1025,EMAP2,2
1026,EMC19,2
1027,EMT,2
1028,ENH1,2
1029,ENOS,2
1064,ET,2
1065,ETK,2
1066,ETL1,2
1108,FB,2
1097,FAM90A18P,2
1098,FAM90A19P,2
1100,FAME2,2
1101,FAME3,2
1102,FAN,2
1103,FANCD,2
1104,FAP,2
1105,FAPP2,2
1106,FAST,2
1107,FAT,2
1109,FBI1,2
1067,EVA,2
1110,FBL2,2
1111,FBL3,2
1112,FBL4,2
1113,FBL5,2
1114,FBL6,2
1115,FBL7,2
1117,FBP2,2
1118,FBRNP,2
1119,FBS,2
1120,FBS1,2
1096,FAM90A17P,2
1095,FAM90A16P,2
1094,FAM75D3,2
1093,FAM48B1,2
1068,EVR1,2
1069,EWSR2,2
1070,F10,2
1072,F5F8D,2
1073,FA,2
1075,FAAP16,2
1076,FACD,2
1077,FACE,2
1079,FAD1,2
1081,FADS4,2
1082,FAE,2
1083,FAF,2
1084,FAL1,2
1085,FALDH,2
1086,FAM10A4,2
1087,FAM18B2,2
1088,FAM21A,2
1089,FAM25A,2
1090,FAM25B,2
1091,FAM25C,2
1092,FAM28A,2
1249,GEF,2
1250,GEF720,2
1251,GEMIN1,2
1458,HCC-4,2
1444,HBP-3,2
1445,HBP3,2
1446,HBSCI,2
1447,HC,2
1449,HC3,2
1450,HC5,2
1451,HC6,2
1452,HC8,2
1453,HCA1,2
1455,HCA3,2
1459,HCC1,2
1441,HBK,2
1460,HCCA2,2
1461,HCCR-1,2
1462,HCCR-2,2
1463,HCDH,2
1464,HCF2,2
1466,HCG1,2
1467,HCGB,2
1468,HCI,2
1469,HCLP1,2
1470,HCNP,2
1442,HBLRR,2
1440,HBII-52-46,2
1252,GEP,2
1423,HARC,2
1411,H4F5,2
1412,H5,2
1413,H7365,2
1414,H9,2
1415,HA-1,2
1416,HA2,2
1417,HAF,2
1418,HAI,2
1420,HAP2,2
1422,HAPIP,2
1425,HAS,2
1439,HBH,2
1426,HAS1,2
1430,HB2,2
1431,HB5,2
1432,HB6,2
1433,HBA,2
1434,HBAB,2
1435,HBD-4,2
1436,HBD-8,2
1437,HBD3,2
1438,HBGF-8,2
1474,HCRN,2
1475,HCS,2
1476,HD1,2
1517,HIS,2
1506,HHL,2
1507,HHM,2
1508,HHS,2
1509,HI,2
1510,HIES2,2
1511,HIES6,2
1512,HIF-PH1,2
1513,HIG1,2
1514,HIN1,2
1516,HIP3,2
1519,HIST1H2BC,2
1477,HD6,2
1520,HIST1H2BE,2
1521,HIST1H2BF,2
1522,HIST1H2BG,2
1523,HIST1H2BI,2
1524,HIST2H2BD,2
1528,HK3,2
1529,HK4,2
1530,HKPX1,2
1531,HL,2
1532,HL-1,2
1505,HHG,2
1504,HH13,2
1503,HH1,2
1502,HH,2
1478,HD7,2
1479,HDGF-2,2
1480,HDGF2,2
1481,HDLC1,2
1482,HDMX,2
1483,HE,2
1484,HE2,2
1485,HEATR8,2
1487,HEL-75,2
1488,HEL-S-284,2
1489,HEL2,2
1490,HEN1,2
1491,HEP,2
1492,HEPIS,2
1493,HEPTP,2
1494,HET,2
1495,HG523,2
1496,HG674,2
1497,HGF,2
1498,HGFL,2
1501,HGRG8,2
1394,H3F3AP1,2
1387,H3C15,2
1386,H3C14,2
1299,GP200-MR6,2
1286,GNPI,2
1287,GNT-IV,2
1289,GO,2
1291,GOT1,2
1292,GOT1B,2
1293,GP,2
1294,GP110,2
1296,GP135,2
1297,GP150,2
1298,GP180,2
1300,GP39,2
1313,GPR89,2
1301,GP40,2
1302,GPAT,2
1303,GPBP,2
1305,GPCR1,2
1306,GPCR21,2
1307,GPD,2
1308,GPHR,2
1309,GPIBB,2
1310,GPIV,2
1311,GPR136,2
1285,GM2AP,2
1284,GLYT2,2
1283,GLYT1,2
1282,GLUT9,2
1253,GF1,2
1254,GFAT,2
1255,GGF2,2
1257,GGTA,2
1258,GGTA1P,2
1259,GH,2
1260,GID2,2
1263,GIG18,2
1264,GIP,2
1265,GJA10,2
1266,GJA9,2
1267,GK1,2
1269,GLCT1,2
1270,GLK,2
1271,GLM1,2
1276,GLUR2,2
1277,GLUR3,2
1278,GLUR7,2
1279,GLUT10,2
1280,GLUT6,2
1281,GLUT8,2
1312,GPR58,2
1314,GPRK7,2
1385,H3C13,2
1363,H2B/A,2
1345,GYPA,2
1346,H-PLK,2
1347,H-REV107,2
1349,H1RNA,2
1350,H2-ALPHA,2
1351,H2A,2
1353,H2A.2,2
1354,H2A.B.1,2
1355,H2A.BBD,2
1356,H2A/Q,2
1364,H2B/G,2
1315,GPXL1,2
1365,H2B/H,2
1366,H2B/K,2
1367,H2B/L,2
1374,H2BFA,2
1375,H2BFG,2
1376,H2BFH,2
1377,H2BFK,2
1378,H2BFL,2
1379,H3,2
1380,H3.1,2
1344,GX,2
1343,GUCY2B,2
1342,GUCA2,2
1341,GTK,2
1316,GPXL2,2
1317,GR,2
1318,GR3,2
1319,GRF2,2
1320,GRINL1A,2
1321,GRIP1,2
1322,GRL,2
1323,GRO1,2
1325,GRTH,2
1326,GS,2
1327,GS1,2
1328,GS2,2
1330,GSP,2
1331,GST,2
1332,GST1,2
1334,GST3,2
1335,GSTAP2,2
1336,GT,2
1338,GT334,2
1339,GTB,2
1340,GTF2IRD2A,2
3672,ZYG11,2
