,ENSG_ID,gene_symbol,HGNC_ID,NCBI_ID,alias_symbol,source
7761,ENSG00000139187,KLRG1,6380,10219, 2F1,HGNC
75,ENSG00000005022,SLC25A5,10991,292, 2F1,HGNC
8398,ENSG00000143546,S100A8,10498,6279, 60B8AG,HGNC
10916,ENSG00000163220,S100A9,10499,6280, 60B8AG,HGNC
3585,ENSG00000108823,SGCA,10805,6442, A2,HGNC
9226,ENSG00000149735,GPHA2,18054,170589, A2,HGNC
10424,ENSG00000160226,CFAP410,1260,755, A2,HGNC
7930,ENSG00000140379,BCL2A1,991,597, ACC2,HGNC
1347,ENSG00000076555,ACACB,85,32, ACC2,HGNC
11308,ENSG00000164398,ACSL6,16496,23305, ACS2,HGNC
17186,ENSG00000197142,ACSL5,16526,51703, ACS2,HGNC
22693,ENSG00000222036,POTEM,37096,641455, ACT,HGNC
4013,ENSG00000112214,FHL5,17371,9457, ACT,HGNC
2069,ENSG00000097021,ACOT7,24157,11332, ACT,HGNC
9624,ENSG00000153395,LPCAT1,25718,79888, AGPAT10,HGNC
7689,ENSG00000138678,GPAT3,28157,84803, AGPAT10,HGNC
2988,ENSG00000104889,RNASEH2A,18518,10535, AGS4,HGNC
21290,ENSG00000213654,GPSM3,13945,63940, AGS4,HGNC
7329,ENSG00000136848,DAB2IP,17294,153090, AIP1,HGNC
12726,ENSG00000170248,PDCD6IP,8766,10015, AIP1,HGNC
36179,ENSG00000259974,LINC00261,16189,140828, ALIEN,HGNC
11755,ENSG00000166200,COPS2,30747,9318, ALIEN,HGNC
12925,ENSG00000171094,ALK,427,238, ALK1,HGNC
5441,ENSG00000124107,SLPI,11092,6590, ALK1,HGNC
7819,ENSG00000139567,ACVRL1,175,94, ALK1,HGNC
5441,ENSG00000124107,SLPI,11092,6590, ALP,HGNC
10656,ENSG00000162174,ASRGL1,16448,80150, ALP,HGNC
3415,ENSG00000107518,ATRNL1,29063,26033, ALP,HGNC
10656,ENSG00000162174,ASRGL1,16448,80150, ALP1,HGNC
9735,ENSG00000154438,ASZ1,1350,136991, ALP1,HGNC
181,ENSG00000007372,PAX6,8620,5080, AN,HGNC
7853,ENSG00000139734,DIAPH3,15480,81624, AN,HGNC
9287,ENSG00000150636,CCDC102B,26295,79839, AN,HGNC
12752,ENSG00000170345,FOS,3796,2353, AP-1,HGNC
5684,ENSG00000125740,FOSB,3797,2354, AP-1,HGNC
14263,ENSG00000177606,JUN,6204,3725, AP-1,HGNC
16796,ENSG00000189283,FHIT,3701,2272, AP3Aase,HGNC
13,ENSG00000001561,ENPP4,3359,22875, AP3Aase,HGNC
1122,ENSG00000070718,AP3M2,570,10947, AP47B,HGNC
2317,ENSG00000100478,AP4S1,575,11154, AP47B,HGNC
9590,ENSG00000153107,ANAPC1,19988,64682, APC1,HGNC
1657,ENSG00000085491,SLC25A24,20662,29957, APC1,HGNC
15505,ENSG00000183864,TOB2,11980,10766, APRO5,HGNC
8054,ENSG00000141232,TOB1,11979,10140, APRO5,HGNC
16328,ENSG00000187391,MAGI2,18957,9863, ARIP1,HGNC
5341,ENSG00000123165,ACTRT1,24027,139741, ARIP1,HGNC
5577,ENSG00000124812,CRISP1,304,167, ARP,HGNC
8229,ENSG00000142599,RERE,9965,473, ARP,HGNC
11206,ENSG00000164093,PITX2,9005,5308, ARP1,HGNC
4535,ENSG00000116194,ANGPTL1,489,9068, ARP1,HGNC
5554,ENSG00000124701,APOBEC2,605,10930, ARP1,HGNC
9083,ENSG00000148584,A1CF,24086,29974, ASP,HGNC
966,ENSG00000066279,ASPM,19048,259266, ASP,HGNC
9650,ENSG00000153802,TMPRSS11D,24059,9407, ASP,HGNC
7580,ENSG00000138079,SLC3A1,11025,6519, ATR1,HGNC
8611,ENSG00000144891,AGTR1,336,185, ATR1,HGNC
13686,ENSG00000174684,B4GAT1,15685,11041, B3GN-T1,HGNC
12751,ENSG00000170340,B3GNT2,15629,10678, B3GN-T1,HGNC
4280,ENSG00000114455,HHLA2,4905,11148, B7-H5,HGNC
3436,ENSG00000107738,VSIR,30085,64115, B7-H5,HGNC
7080,ENSG00000135519,KCNH3,6252,23416, BEC1,HGNC
15553,ENSG00000184113,CLDN5,2047,7122, BEC1,HGNC
309,ENSG00000012048,BRCA1,1100,672, BRCC1,HGNC
6067,ENSG00000128915,ICE2,29885,79664, BRCC1,HGNC
5669,ENSG00000125651,GTF2F1,4652,2962, BTF4,HGNC
16561,ENSG00000188342,GTF2F2,4653,2963, BTF4,HGNC
5530,ENSG00000124557,BTN1A1,1135,696, BTN1,HGNC
16618,ENSG00000188603,CLN3,2074,1201, BTN1,HGNC
2439,ENSG00000101132,PFDN4,8868,5203, C1,HGNC
1852,ENSG00000089820,ARHGAP4,674,393, C1,HGNC
17626,ENSG00000198610,AKR1C4,387,1109, C11,HGNC
10629,ENSG00000161980,POLR3K,14121,51728, C11,HGNC
12334,ENSG00000168495,POLR3D,1080,661, C53,HGNC
3527,ENSG00000108465,CDK5RAP3,18673,80279, C53,HGNC
12121,ENSG00000167670,CHAF1A,1910,10036, CAF-1,HGNC
10296,ENSG00000159259,CHAF1B,1911,8208, CAF-1,HGNC
10296,ENSG00000159259,CHAF1B,1911,8208, CAF1,HGNC
12121,ENSG00000167670,CHAF1A,1910,10036, CAF1,HGNC
10705,ENSG00000162458,FBLIM1,24686,54751, CAL,HGNC
632,ENSG00000047932,GOPC,17643,57120, CAL,HGNC
5534,ENSG00000124570,SERPINB6,8950,5269, CAP,HGNC
8153,ENSG00000141867,BRD4,13575,23476, CAP,HGNC
2035,ENSG00000095637,SORBS1,14565,10580, CAP,HGNC
3111,ENSG00000105483,CARD8,17057,22900, CARDINAL,HGNC
14548,ENSG00000179136,LINC00670,44338,284034, CARDINAL,HGNC
9093,ENSG00000148677,ANKRD1,15819,27063, CARP,HGNC
9073,ENSG00000148481,MINDY3,23578,80013, CARP,HGNC
35501,ENSG00000257923,CUX1,2557,1523, CASP,HGNC
4363,ENSG00000115165,CYTIP,9506,9595, CASP,HGNC
1349,ENSG00000076641,PAG1,30043,55824, CBP,HGNC
92,ENSG00000005339,CREBBP,2348,1387, CBP,HGNC
11027,ENSG00000163599,CTLA4,2505,1493, CD,HGNC
12012,ENSG00000167207,NOD2,5331,64127, CD,HGNC
16288,ENSG00000187116,LILRA5,16309,353514, CD85,HGNC
3012,ENSG00000104972,LILRB1,6605,10859, CD85,HGNC
2785,ENSG00000103257,SLC7A5,11063,8140, CD98,HGNC
12216,ENSG00000168003,SLC3A2,11026,6520, CD98,HGNC
32100,ENSG00000248333,CDK11B,1729,984, CDK11-p46,HGNC
202,ENSG00000008128,CDK11A,1730,728642, CDK11-p46,HGNC
202,ENSG00000008128,CDK11A,1730,728642, CDK11-p58,HGNC
32100,ENSG00000248333,CDK11B,1729,984, CDK11-p58,HGNC
2713,ENSG00000102890,ELMO3,17289,79767, CED-12,HGNC
844,ENSG00000062598,ELMO2,17233,63916, CED-12,HGNC
9874,ENSG00000155849,ELMO1,16286,9844, CED-12,HGNC
2713,ENSG00000102890,ELMO3,17289,79767, CED12,HGNC
9874,ENSG00000155849,ELMO1,16286,9844, CED12,HGNC
5837,ENSG00000126777,KTN1,6467,3895, CG1,HGNC
7225,ENSG00000136243,NUP42,17010,11097, CG1,HGNC
17719,ENSG00000198824,CHAMP1,20311,283489, CHAMP,HGNC
1219,ENSG00000073146,MOV10L1,7201,54456, CHAMP,HGNC
5453,ENSG00000124160,NCOA5,15909,57727, CIA,HGNC
3964,ENSG00000111875,ASF1A,20995,25842, CIA,HGNC
4315,ENSG00000114779,ABHD14B,28235,84836, CIB,HGNC
15775,ENSG00000185043,CIB1,16920,10519, CIB,HGNC
5042,ENSG00000120457,KCNJ5,6266,3762, CIR,HGNC
22410,ENSG00000220548,VIM2P,43891,100130535, CIR,HGNC
13710,ENSG00000174827,PDZK1,8821,5174, CLAMP,HGNC
2471,ENSG00000101222,SPEF1,15874,25876, CLAMP,HGNC
25511,ENSG00000228742,LINC02577,53749,111216280, CLAN,HGNC
1909,ENSG00000091106,NLRC4,16412,58484, CLAN,HGNC
116,ENSG00000006016,CRLF1,2364,9244, CLF,HGNC
2501,ENSG00000101343,CRNKL1,15762,51340, CLF,HGNC
6325,ENSG00000130779,CLIP1,10461,6249, CLIP,HGNC
3341,ENSG00000106665,CLIP2,2586,7461, CLIP,HGNC
4358,ENSG00000115138,POMC,9201,5443, CLIP,HGNC
9289,ENSG00000150656,CNDP1,20675,84735, CN1,HGNC
4637,ENSG00000116981,NT5C1A,17819,84618, CN1,HGNC
23568,ENSG00000224389,C4B,1324,721, CO4,HGNC
31838,ENSG00000244731,C4A,1323,720, CO4,HGNC
7158,ENSG00000135929,CYP27A1,2605,1593, CP27,HGNC
9645,ENSG00000153774,CFDP1,1873,10428, CP27,HGNC
13202,ENSG00000172216,CEBPB,1834,1051, CRP2,HGNC
13784,ENSG00000175183,CSRP2,2470,1466, CRP2,HGNC
14564,ENSG00000179218,CALR,1455,811, CRT,HGNC
6335,ENSG00000130821,SLC6A8,11055,6535, CRT,HGNC
14302,ENSG00000177791,MYOZ1,13752,58529, CS-2,HGNC
21097,ENSG00000213218,CSH2,2441,1443, CS-2,HGNC
6335,ENSG00000130821,SLC6A8,11055,6535, CT1,HGNC
9261,ENSG00000150281,CTF1,2499,1489, CT1,HGNC
7607,ENSG00000138182,KIF20B,7212,9585, CT90,HGNC
5504,ENSG00000124383,MPHOSPH10,7213,10199, CT90,HGNC
35090,ENSG00000255974,CYP2A6,2610,1548, CYP2A,HGNC
17387,ENSG00000197838,CYP2A13,2608,1553, CYP2A,HGNC
13031,ENSG00000171497,PPID,9257,5481, CypD,HGNC
3490,ENSG00000108179,PPIF,9259,10105, CypD,HGNC
6279,ENSG00000130595,TNNT3,11950,7140, DA2B,HGNC
6280,ENSG00000130598,TNNI2,11946,7136, DA2B,HGNC
5780,ENSG00000126217,MCF2L,14576,23263, DBS,HGNC
1537,ENSG00000081479,LRP2,6694,4036, DBS,HGNC
2383,ENSG00000100811,YY1,12856,7528, DELTA,HGNC
8213,ENSG00000142507,PSMB6,9543,5694, DELTA,HGNC
7230,ENSG00000136267,DGKB,2850,1607, DGK,HGNC
9668,ENSG00000153933,DGKE,2852,8526, DGK,HGNC
6001,ENSG00000128342,LIF,6596,3976, DIA,HGNC
8916,ENSG00000147202,DIAPH2,2877,1730, DIA,HGNC
13805,ENSG00000175283,DOLK,23406,22845, DK1,HGNC
20711,ENSG00000211921,IGHD5-12,5508,28491, DK1,HGNC
8128,ENSG00000141627,DYM,21317,54808, DMC,HGNC
16821,ENSG00000189377,CXCL17,19232,284340, DMC,HGNC
11235,ENSG00000164162,ANAPC10,24077,10393, DOC1,HGNC
3874,ENSG00000111328,CDK2AP1,14002,8099, DOC1,HGNC
12266,ENSG00000168229,PTGDR,9591,5729, DP1,HGNC
17508,ENSG00000198176,TFDP1,11749,7027, DP1,HGNC
6990,ENSG00000135090,TAOK3,18133,51347, DPK,HGNC
7123,ENSG00000135750,KCNK1,6272,3775, DPK,HGNC
9556,ENSG00000152818,UTRN,12635,7402, DRP1,HGNC
7852,ENSG00000139726,DENR,2769,8562, DRP1,HGNC
5480,ENSG00000124228,DDX27,15837,55661, DRS1,HGNC
17665,ENSG00000198721,ECI2,14601,10455, DRS1,HGNC
19947,ENSG00000207165,SNORA70,10231,26778, DXS648E,HGNC
8937,ENSG00000147403,RPL10,10298,6134, DXS648E,HGNC
8652,ENSG00000145293,ENOPH1,24599,58478, E1,HGNC
39225,ENSG00000274266,SNORA73A,10115,6080, E1,HGNC
9302,ENSG00000150768,DLAT,2896,1737, E2,HGNC
24484,ENSG00000226344,CST12P,31920,106478911, E2,HGNC
6347,ENSG00000130939,UBE4B,12500,10277, E4,HGNC
3762,ENSG00000110344,UBE4A,12499,9354, E4,HGNC
11358,ENSG00000164611,PTTG1,9690,9232, EAP1,HGNC
1328,ENSG00000075914,EXOSC7,28112,23016, EAP1,HGNC
4369,ENSG00000115211,EIF2B4,3260,8890, EIF-2B,HGNC
8635,ENSG00000145191,EIF2B5,3261,8893, EIF-2B,HGNC
3882,ENSG00000111361,EIF2B1,3257,1967, EIF-2B,HGNC
1131,ENSG00000070785,EIF2B3,3259,8891, EIF-2B,HGNC
15886,ENSG00000185499,MUC1,7508,4582, EMA,HGNC
7929,ENSG00000140374,ETFA,3481,2108, EMA,HGNC
11584,ENSG00000165521,EML5,18197,161436, EMAP-2,HGNC
11169,ENSG00000164022,AIMP1,10648,9255, EMAP-2,HGNC
5688,ENSG00000125746,EML2,18035,24139, EMAP-2,HGNC
1749,ENSG00000087510,TFAP2C,11744,7022, ERF1,HGNC
15921,ENSG00000185650,ZFP36L1,1107,677, ERF1,HGNC
8661,ENSG00000145354,CISD2,24212,493856, ERIS,HGNC
15663,ENSG00000184584,STING1,27962,340061, ERIS,HGNC
5918,ENSG00000127554,GFER,4236,2671, ERV1,HGNC
13673,ENSG00000174600,CMKLR1,2121,1240, ERV1,HGNC
6597,ENSG00000132589,FLOT2,3758,2319, ESA1,HGNC
13376,ENSG00000172977,KAT5,5275,10524, ESA1,HGNC
944,ENSG00000065717,TLE2,11838,7089, ESG,HGNC
17078,ENSG00000196781,TLE1,11837,7088, ESG,HGNC
3363,ENSG00000106829,TLE4,11840,7091, ESG,HGNC
38216,ENSG00000268651,CTAG1A,24198,246100, ESO1,HGNC
15538,ENSG00000184033,CTAG1B,2491,1485, ESO1,HGNC
7071,ENSG00000135476,ESPL1,16856,9700, ESP1,HGNC
15235,ENSG00000182809,CRIP2,2361,1397, ESP1,HGNC
10482,ENSG00000160688,FLAD1,24671,80308, FAD1,HGNC
7826,ENSG00000139618,BRCA2,1101,675, FAD1,HGNC
2332,ENSG00000100557,CCDC198,20189,55195, FAME,HGNC
42001,,FCMTE3,37160,, FAME,HGNC
4817,ENSG00000118564,FBXL5,13602,26234, FBL5,HGNC
4016,ENSG00000112234,FBXL4,13601,26235, FBL5,HGNC
13399,ENSG00000173120,KDM2A,13606,22992, FBL7,HGNC
15418,ENSG00000183580,FBXL7,13604,23194, FBL7,HGNC
17222,ENSG00000197265,GTF2E2,4651,2961, FE,HGNC
9644,ENSG00000153767,GTF2E1,4650,2960, FE,HGNC
11579,ENSG00000165507,DEPP1,23355,11067, FIG,HGNC
632,ENSG00000047932,GOPC,17643,57120, FIG,HGNC
39,ENSG00000003402,CFLAR,1876,8837, FLIP,HGNC
4,ENSG00000000460,FIRRM,25565,55732, FLIP,HGNC
582,ENSG00000042286,AIFM2,21411,84883, FSP1,HGNC
16868,ENSG00000196154,S100A4,10494,6275, FSP1,HGNC
21290,ENSG00000213654,GPSM3,13945,63940, G18,HGNC
4305,ENSG00000114737,CISH,1984,1154, G18,HGNC
41198,ENSG00000291237,SOD2,11180,6648, GC1,HGNC
2704,ENSG00000102837,OLFM4,17190,10562, GC1,HGNC
1687,ENSG00000086205,FOLH1,3788,2346, GCP2,HGNC
8577,ENSG00000144674,GOLGA4,4427,2803, GCP2,HGNC
17079,ENSG00000196782,MAML3,16272,55534, GDN,HGNC
7154,ENSG00000135919,SERPINE2,8951,5270, GDN,HGNC
13169,ENSG00000172062,SMN1,11117,6606, GEMIN1,HGNC
19464,ENSG00000205571,SMN2,11118,6607, GEMIN1,HGNC
8744,ENSG00000145916,RMND5B,26181,64777, GID2,HGNC
9637,ENSG00000153561,RMND5A,25850,64795, GID2,HGNC
4381,ENSG00000115263,GCG,4191,2641, GLP-1,HGNC
22384,ENSG00000220201,ZGLP1,37245,100125288, GLP-1,HGNC
8816,ENSG00000146411,SLC2A12,18067,154091, GLUT8,HGNC
7331,ENSG00000136856,SLC2A8,13812,29988, GLUT8,HGNC
13666,ENSG00000174567,GOLT1A,24766,127845, GOT1,HGNC
3930,ENSG00000111711,GOLT1B,20175,51026, GOT1,HGNC
7306,ENSG00000136732,GYPC,4704,2995, GPD,HGNC
21030,ENSG00000213088,ACKR1,4035,2532, GPD,HGNC
6182,ENSG00000130021,PUDP,16818,8226, GS1,HGNC
17296,ENSG00000197535,MYO5A,7602,4644, GS1,HGNC
158,ENSG00000006757,PNPLA4,24887,8228, GS2,HGNC
1089,ENSG00000069974,RAB27A,9766,5873, GS2,HGNC
41515,,CELIAC2,19378,, GSE,HGNC
11027,ENSG00000163599,CTLA4,2505,1493, GSE,HGNC
12926,ENSG00000171097,KYAT1,1564,883, GTK,HGNC
3952,ENSG00000111816,FRK,3955,2444, GTK,HGNC
7286,ENSG00000136631,VPS45,14579,11311, H1,HGNC
12567,ENSG00000169504,CLIC4,13518,25932, H1,HGNC
40037,ENSG00000278677,H2AC17,4735,8336, H2A.1,HGNC
39735,ENSG00000277075,H2AC8,4724,3012, H2A.1,HGNC
14805,ENSG00000180596,H2BC4,4757,8347, H2B.1,HGNC
15687,ENSG00000184678,H2BC21,4760,8349, H2B.1,HGNC
18952,ENSG00000203811,H3C14,20503,126961, H3,HGNC
12943,ENSG00000171136,RLN3,17135,117579, H3,HGNC
1396,ENSG00000077782,FGFR1,3688,2260, H3,HGNC
41111,ENSG00000287080,H3C3,4768,8352, H3.1,HGNC
39310,ENSG00000274750,H3C6,4769,8353, H3.1,HGNC
1396,ENSG00000077782,FGFR1,3688,2260, H4,HGNC
3483,ENSG00000108091,CCDC6,18782,8030, H4,HGNC
39289,ENSG00000274618,H4C6,4783,8361, H4,HGNC
15690,ENSG00000184702,SEPTIN5,9164,5413, H5,HGNC
1396,ENSG00000077782,FGFR1,3688,2260, H5,HGNC
5693,ENSG00000125779,PANK2,15894,80025, HARP,HGNC
13811,ENSG00000175311,ANKS4B,26795,257629, HARP,HGNC
7628,ENSG00000138375,SMARCAL1,11102,50485, HARP,HGNC
7332,ENSG00000136859,ANGPTL2,490,23452, HARP,HGNC
340,ENSG00000013583,HEBP1,17176,50865, HBP,HGNC
13203,ENSG00000172232,AZU1,913,566, HBP,HGNC
7274,ENSG00000136531,SCN2A,10588,6326, HBSCI,HGNC
8520,ENSG00000144285,SCN1A,10585,6323, HBSCI,HGNC
2133,ENSG00000099937,SERPIND1,4838,3053, HC2,HGNC
36051,ENSG00000259513,CYCSP38,24411,360184, HC2,HGNC
25097,ENSG00000227666,CYCSP24,24398,360177, HC3,HGNC
3324,ENSG00000106588,PSMA2,9531,5683, HC3,HGNC
39388,ENSG00000275152,CCL16,10614,6360, HCC-4,HGNC
9610,ENSG00000153250,RBMS1,9907,5937, HCC-4,HGNC
679,ENSG00000050426,LETMD1,24241,25875, HCCR-2,HGNC
15756,ENSG00000184992,BRI3BP,14251,140707, HCCR-2,HGNC
3367,ENSG00000106927,AMBP,453,259, HCP,HGNC
1506,ENSG00000080819,CPOX,2321,1371, HCP,HGNC
10236,ENSG00000158813,EDA,3157,1896, HED,HGNC
5177,ENSG00000121742,GJB6,4288,10804, HED,HGNC
35582,ENSG00000258315,C17orf49,28737,124944, HEPIS,HGNC
11797,ENSG00000166352,IFTAP,25142,119710, HEPIS,HGNC
9696,ENSG00000154134,ROBO3,13433,64221, HGPS,HGNC
1617,ENSG00000084073,ZMPSTE24,12877,10269, HGPS,HGNC
11950,ENSG00000166946,CCNDBP1,1587,23582, HHM,HGNC
1746,ENSG00000087494,PTHLH,9607,5744, HHM,HGNC
21873,ENSG00000215301,DDX3X,2745,1654, HLP2,HGNC
4468,ENSG00000115756,HPCAL1,5145,3241, HLP2,HGNC
6649,ENSG00000132842,AP3B1,566,8546, HPS2,HGNC
10400,ENSG00000160182,TFF1,11755,7031, HPS2,HGNC
32084,ENSG00000248290,TNXA,11975,7146, HXBL,HGNC
12327,ENSG00000168477,TNXB,11976,7148, HXBL,HGNC
9607,ENSG00000153234,NR4A2,7981,4929, HZF-3,HGNC
45583,,ZNF125,12908,, HZF-3,HGNC
5145,ENSG00000121351,IAPP,5329,3375, IAP,HGNC
2633,ENSG00000102158,MAGT1,28880,84061, IAP,HGNC
6663,ENSG00000132938,MTUS2,20595,23281, ICIS,HGNC
6120,ENSG00000129422,MTUS1,29789,57509, ICIS,HGNC
5932,ENSG00000127743,IL17B,5982,27190, IL-20,HGNC
10823,ENSG00000162891,IL20,6002,50604, IL-20,HGNC
5505,ENSG00000124391,IL17C,5983,27189, IL-21,HGNC
5885,ENSG00000127318,IL22,14900,50616, IL-21,HGNC
7690,ENSG00000138684,IL21,6005,59067, IL-21,HGNC
13130,ENSG00000171914,TLN2,15447,83660, ILWEQ,HGNC
6327,ENSG00000130787,HIP1R,18415,9026, ILWEQ,HGNC
2487,ENSG00000101294,HM13,16435,81502, IMP1,HGNC
10288,ENSG00000159217,IGF2BP1,28866,10642, IMP1,HGNC
3520,ENSG00000108424,KPNB1,6400,3837, IPOB,HGNC
41198,ENSG00000291237,SOD2,11180,6648, IPOB,HGNC
4173,ENSG00000113441,LNPEP,6656,4012, IRAP,HGNC
7292,ENSG00000136689,IL1RN,6000,3557, IRAP,HGNC
13538,ENSG00000173812,EIF1,3249,10209, ISO1,HGNC
12137,ENSG00000167720,SRR,14398,63826, ISO1,HGNC
9595,ENSG00000153147,SMARCA5,11101,8467, ISWI,HGNC
2612,ENSG00000102038,SMARCA1,11097,6594, ISWI,HGNC
6308,ENSG00000130726,TRIM28,16384,10155, KAP-1,HGNC
1329,ENSG00000075945,KIFAP3,17060,22920, KAP-1,HGNC
8902,ENSG00000147133,TAF1,11535,6872, KAT4,HGNC
5601,ENSG00000125166,GOT2,4433,2806, KAT4,HGNC
10850,ENSG00000162989,KCNJ3,6264,3760, KGA,HGNC
4414,ENSG00000115419,GLS,4331,2744, KGA,HGNC
16328,ENSG00000187391,MAGI2,18957,9863, KIAA0705,HGNC
5341,ENSG00000123165,ACTRT1,24027,139741, KIAA0705,HGNC
39201,ENSG00000274143,KIR2DL5A,16345,57292, KIR2DL5,HGNC
42510,,KIR2DL5B,16346,553128, KIR2DL5,HGNC
7411,ENSG00000137207,YIPF3,21023,25844, KLIP1,HGNC
9418,ENSG00000151725,CENPU,21348,79682, KLIP1,HGNC
10565,ENSG00000161298,ZNF382,17409,84911, KS1,HGNC
8724,ENSG00000145824,CXCL14,10640,9547, KS1,HGNC
3706,ENSG00000109881,CCDC34,25079,91057, L15,HGNC
13697,ENSG00000174748,RPL15,10306,6138, L15,HGNC
10470,ENSG00000160584,SIK3,29165,23387, L19,HGNC
31342,ENSG00000243290,IGKV1-12,5730,28940, L19,HGNC
3500,ENSG00000108298,RPL19,10312,6143, L19,HGNC
1803,ENSG00000089009,RPL6,10362,6128, L6,HGNC
6733,ENSG00000133398,MED10,28760,84246, L6,HGNC
2773,ENSG00000103197,TSC2,12363,7249, LAM,HGNC
11631,ENSG00000165699,TSC1,12362,7248, LAM,HGNC
9435,ENSG00000151849,CENPJ,17272,55835, LAP,HGNC
22,ENSG00000002549,LAP3,18449,51056, LAP,HGNC
8341,ENSG00000143337,TOR1AIP1,29456,26092, LAP1,HGNC
6410,ENSG00000131323,TRAF3,12033,7187, LAP1,HGNC
7079,ENSG00000135517,MIP,7103,4284, LIM1,HGNC
39127,ENSG00000273706,LHX1,6593,3975, LIM1,HGNC
7513,ENSG00000137804,NUSAP1,18538,51203, LNP,HGNC
8523,ENSG00000144320,LNPK,21610,80856, LNP,HGNC
10784,ENSG00000162738,VANGL2,15511,57216, LPP1,HGNC
997,ENSG00000067113,PLPP1,9228,8611, LPP1,HGNC
1593,ENSG00000083454,P2RX5,8536,5026, LRH-1,HGNC
4621,ENSG00000116833,NR5A2,7984,2494, LRH-1,HGNC
7480,ENSG00000137642,SORL1,11185,6653, LRP9,HGNC
17239,ENSG00000197324,LRP10,14553,26020, LRP9,HGNC
17188,ENSG00000197150,ABCB8,49,11194, M-ABC1,HGNC
498,ENSG00000033050,ABCF2,71,10061, M-ABC1,HGNC
10499,ENSG00000160789,LMNA,6636,4000, MADA,HGNC
4604,ENSG00000116748,AMPD1,468,270, MADA,HGNC
4370,ENSG00000115216,NRBP1,7993,29959, MADM,HGNC
7532,ENSG00000137845,ADAM10,188,102, MADM,HGNC
1275,ENSG00000074800,ENO1,3350,2023, MBP-1,HGNC
2045,ENSG00000095951,HIVEP1,4920,3096, MBP-1,HGNC
13072,ENSG00000171681,ATF7IP,20092,55729, MCAF,HGNC
3567,ENSG00000108691,CCL2,10618,6347, MCAF,HGNC
13486,ENSG00000173546,CSPG4,2466,1464, MCSP,HGNC
12059,ENSG00000167468,GPX4,4556,2879, MCSP,HGNC
9837,ENSG00000155380,SLC16A1,10922,6566, MCT1,HGNC
2245,ENSG00000100294,MCAT,29622,27349, MCT1,HGNC
8892,ENSG00000147100,SLC16A2,10923,6567, MCT7,HGNC
3602,ENSG00000108932,SLC16A6,10927,9120, MCT7,HGNC
13266,ENSG00000172460,PRSS30P,28753,124221, MGC5228,HGNC
7258,ENSG00000136450,SRSF1,10780,6426, MGC5228,HGNC
11131,ENSG00000163885,CFAP100,26842,348807, MIA1,HGNC
36673,ENSG00000261857,MIA,7076,8190, MIA1,HGNC
2145,ENSG00000099977,DDT,2732,1652, MIF2,HGNC
8643,ENSG00000145241,CENPC,1854,1060, MIF2,HGNC
242,ENSG00000009950,MLXIPL,12744,51085, MIO,HGNC
11372,ENSG00000164654,MIOS,21905,54468, MIO,HGNC
16980,ENSG00000196459,TRAPPC2,23068,6399, MIP-2A,HGNC
35116,ENSG00000256060,TRAPPC2B,10710,10597, MIP-2A,HGNC
1591,ENSG00000083312,TNPO1,6401,3842, MIP1,HGNC
4897,ENSG00000119487,MAPKAP1,18752,79109, MIP1,HGNC
4306,ENSG00000114738,MAPKAPK3,6888,7867, MK3,HGNC
14193,ENSG00000177272,KCNA3,6221,3738, MK3,HGNC
6662,ENSG00000132932,ATP8A2,13533,51761, ML-1,HGNC
3993,ENSG00000112116,IL17F,16404,112744, ML-1,HGNC
38914,ENSG00000272333,KMT2B,15840,9757, MLL4,HGNC
12079,ENSG00000167548,KMT2D,7133,8085, MLL4,HGNC
1920,ENSG00000091262,ABCC6,57,368, MLP1,HGNC
13773,ENSG00000175130,MARCKSL1,7142,65108, MLP1,HGNC
14883,ENSG00000180992,MRPL14,14279,64928, MRP-L32,HGNC
3325,ENSG00000106591,MRPL32,14035,64983, MRP-L32,HGNC
434,ENSG00000023839,ABCC2,53,1244, MRP2,HGNC
9265,ENSG00000150361,KLHL1,6352,57626, MRP2,HGNC
8398,ENSG00000143546,S100A8,10498,6279, MRP8,HGNC
122,ENSG00000006071,ABCC8,59,6833, MRP8,HGNC
11659,ENSG00000165819,METTL3,17563,56339, MT-A70,HGNC
2412,ENSG00000100982,PCIF1,16200,63935, MT-A70,HGNC
8824,ENSG00000146463,ZMYM4,13055,9202, MYM,HGNC
17155,ENSG00000197056,ZMYM1,26253,79830, MYM,HGNC
11121,ENSG00000163867,ZMYM6,13050,9204, MYM,HGNC
8901,ENSG00000147130,ZMYM3,13054,9203, MYM,HGNC
5176,ENSG00000121741,ZMYM2,12989,7750, MYM,HGNC
6664,ENSG00000132950,ZMYM5,13029,9205, MYM,HGNC
16287,ENSG00000187109,NAP1L1,7637,4673, NAP1,HGNC
2539,ENSG00000101473,ACOT8,15919,10005, NAP1,HGNC
12553,ENSG00000169429,CXCL8,6025,3576, NAP1,HGNC
13461,ENSG00000173418,NAA20,15908,51126, NAT3,HGNC
7768,ENSG00000139209,SLC38A4,14679,55089, NAT3,HGNC
1033,ENSG00000068120,COASY,29932,80347, NBP,HGNC
1222,ENSG00000073282,TP63,15979,8626, NBP,HGNC
2915,ENSG00000104419,NDRG1,7679,10397, NDR1,HGNC
3989,ENSG00000112079,STK38,17847,11329, NDR1,HGNC
920,ENSG00000065320,NTN1,8029,9423, NET1,HGNC
6826,ENSG00000134186,PRPF38B,25512,55119, NET1,HGNC
7905,ENSG00000140254,DUOXA1,26507,90527, NIP,HGNC
5340,ENSG00000123159,GIPC1,1226,10755, NIP,HGNC
8998,ENSG00000147854,UHRF2,12557,115426, NIRF,HGNC
5932,ENSG00000127743,IL17B,5982,27190, NIRF,HGNC
8623,ENSG00000145020,AMT,473,275, NKH,HGNC
14416,ENSG00000178445,GLDC,4313,2731, NKH,HGNC
4402,ENSG00000115353,TACR1,11526,6869, NKIR,HGNC
16035,ENSG00000186074,CD300LF,29883,146722, NKIR,HGNC
12157,ENSG00000167772,ANGPTL4,16039,51129, NL2,HGNC
8230,ENSG00000142606,MMEL1,14668,79258, NL2,HGNC
6765,ENSG00000133710,SPINK5,15464,11005, NS,HGNC
11148,ENSG00000163938,GNL3,29931,26354, NS,HGNC
12371,ENSG00000168672,LRATD2,24166,157638, NSE2,HGNC
9993,ENSG00000156831,NSMCE2,26513,286053, NSE2,HGNC
38492,ENSG00000270503,YTHDF2P1,19865,400209, NY-REN-2,HGNC
17590,ENSG00000198492,YTHDF2,31675,51441, NY-REN-2,HGNC
28418,ENSG00000235162,C12orf75,35164,387882, OCC1,HGNC
10968,ENSG00000163430,FSTL1,3972,11167, OCC1,HGNC
8269,ENSG00000142920,AZIN2,29957,113451, ODC1L,HGNC
9810,ENSG00000155096,AZIN1,16432,51582, ODC1L,HGNC
13181,ENSG00000172148,OR7A2P,8370,390894, OLF4p,HGNC
38241,ENSG00000268834,OR7A1P,8364,390895, OLF4p,HGNC
21299,ENSG00000213672,NCKIPSD,15486,51517, ORF1,HGNC
7086,ENSG00000135541,AHI1,21575,54806, ORF1,HGNC
8088,ENSG00000141447,OSBPL1A,16398,114876, ORP1,HGNC
2887,ENSG00000104237,RP1,10263,6101, ORP1,HGNC
10250,ENSG00000158887,MPZ,7225,4359, P0,HGNC
1820,ENSG00000089157,RPLP0,10371,6175, P0,HGNC
14813,ENSG00000180644,PRF1,9360,5551, P1,HGNC
7521,ENSG00000137818,RPLP1,10372,6176, P1,HGNC
9113,ENSG00000148834,GSTO1,13312,9446, P28,HGNC
3548,ENSG00000108587,GOSR1,4430,9527, P28,HGNC
10350,ENSG00000159720,ATP6V0D1,13724,9114, P39,HGNC
13010,ENSG00000171450,CDK5R2,1776,8941, P39,HGNC
4689,ENSG00000117395,EBNA1BP2,15531,10969, P40,HGNC
4573,ENSG00000116584,ARHGEF2,682,9181, P40,HGNC
2743,ENSG00000103035,PSMD7,9565,5713, P40,HGNC
8729,ENSG00000145839,IL9,6029,3578, P40,HGNC
8904,ENSG00000147140,NONO,7871,4841, P54,HGNC
2049,ENSG00000096060,FKBP5,3721,2289, P54,HGNC
3505,ENSG00000108344,PSMD3,9560,5709, P58,HGNC
4875,ENSG00000119318,RAD23B,9813,5887, P58,HGNC
3800,ENSG00000110768,GTF2H1,4655,2965, P62,HGNC
1240,ENSG00000073792,IGF2BP2,28867,10644, P62,HGNC
996,ENSG00000067082,KLF6,2235,1316, PAC1,HGNC
15404,ENSG00000183527,PSMG1,3043,8624, PAC1,HGNC
9412,ENSG00000151693,ASAP2,2721,8853, PAP,HGNC
3267,ENSG00000106244,PDAP1,14634,11333, PAP,HGNC
4270,ENSG00000114383,TUSC2,17034,11334, PAP,HGNC
349,ENSG00000014257,ACP3,125,55, PAP,HGNC
6556,ENSG00000132382,MYBBP1A,7546,10514, PAP2,HGNC
4725,ENSG00000117598,PLPPR5,31703,163404, PAP2,HGNC
3323,ENSG00000106571,GLI3,4319,2737, PAPA,HGNC
15223,ENSG00000182752,PAPPA,8602,5069, PAPA,HGNC
40074,ENSG00000279050,PWAR1,30089,145624, PAR-1,HGNC
14910,ENSG00000181104,F2R,3537,2149, PAR-1,HGNC
14910,ENSG00000181104,F2R,3537,2149, PAR1,HGNC
15960,ENSG00000185803,SLC52A2,30224,79581, PAR1,HGNC
6585,ENSG00000132517,SLC52A1,30225,55065, PAR2,HGNC
8607,ENSG00000144852,NR1I2,7968,8856, PAR2,HGNC
4081,ENSG00000112659,CUL9,15982,23113, PARC,HGNC
39431,ENSG00000275385,CCL18,10616,6362, PARC,HGNC
8443,ENSG00000143799,PARP1,270,142, PARS,HGNC
7284,ENSG00000136628,EPRS1,3418,2058, PARS,HGNC
847,ENSG00000062725,APPBP2,622,10513, PAT1,HGNC
5403,ENSG00000123643,SLC36A1,18761,206358, PAT1,HGNC
11081,ENSG00000163736,PPBP,9240,5473, PBP,HGNC
1776,ENSG00000088538,DOCK3,2989,1795, PBP,HGNC
4832,ENSG00000118762,PKD2,9009,5311, PC2,HGNC
8126,ENSG00000141582,CBX4,1554,8535, PC2,HGNC
8120,ENSG00000141570,CBX8,15962,57332, PC3,HGNC
13833,ENSG00000175426,PCSK1,8743,5122, PC3,HGNC
17320,ENSG00000197594,ENPP1,3356,5167, PCA1,HGNC
34107,ENSG00000253438,PCAT1,43022,100750225, PCA1,HGNC
556,ENSG00000039139,DNAH5,2950,1767, PCD,HGNC
5293,ENSG00000122735,DNAI1,2954,27019, PCD,HGNC
12114,ENSG00000167646,DNAAF3,30492,352909, PCD,HGNC
4505,ENSG00000116005,PCYOX1,20588,51449, PCL1,HGNC
4061,ENSG00000112511,PHF1,8919,5252, PCL1,HGNC
8657,ENSG00000145335,SNCA,11138,6622, PD1,HGNC
10190,ENSG00000158480,SPATA2,14681,9825, PD1,HGNC
16573,ENSG00000188389,PDCD1,8760,5133, PD1,HGNC
8236,ENSG00000142623,PADI1,18367,29943, PDI,HGNC
15913,ENSG00000185624,P4HB,8548,5034, PDI,HGNC
15910,ENSG00000185615,PDIA2,14180,64714, PDI,HGNC
1500,ENSG00000080608,PUM3,29676,9933, PEN,HGNC
2627,ENSG00000102109,PCSK1N,17301,27344, PEN,HGNC
5001,ENSG00000120149,MSX2,7392,4488, PFM,HGNC
704,ENSG00000052850,ALX4,450,60529, PFM,HGNC
3498,ENSG00000108256,NUFIP2,17634,57532, PIG1,HGNC
19357,ENSG00000205076,LGALS7,6568,3963, PIG1,HGNC
2164,ENSG00000100033,PRODH,9453,5625, PIG6,HGNC
211,ENSG00000008294,SPAG9,14524,9043, PIG6,HGNC
19196,ENSG00000204577,LILRB3,6607,11025, PIR-B,HGNC
3012,ENSG00000104972,LILRB1,6605,10859, PIR-B,HGNC
3012,ENSG00000104972,LILRB1,6605,10859, PIRB,HGNC
19196,ENSG00000204577,LILRB3,6607,11025, PIRB,HGNC
4173,ENSG00000113441,LNPEP,6656,4012, PLAP,HGNC
10927,ENSG00000163283,ALPP,439,250, PLAP,HGNC
5802,ENSG00000126432,PRDX5,9355,25824, PLP,HGNC
1746,ENSG00000087494,PTHLH,9607,5744, PLP,HGNC
8954,ENSG00000147485,PXDNL,26359,137902, PMR1,HGNC
372,ENSG00000017260,ATP2C1,13211,27032, PMR1,HGNC
5277,ENSG00000122643,NT5C3A,17820,51251, PN-I,HGNC
5639,ENSG00000125458,NT5C,17144,30833, PN-I,HGNC
12656,ENSG00000169900,PYDC1,30261,260434, POP1,HGNC
4024,ENSG00000112276,BVES,1152,11149, POP1,HGNC
13994,ENSG00000176273,SLC35G1,26607,159371, POST,HGNC
2300,ENSG00000100418,DESI1,24577,27351, POST,HGNC
14845,ENSG00000180817,PPA1,9226,5464, PP1,HGNC
19045,ENSG00000204174,NPY4R,9329,5540, PP1,HGNC
3077,ENSG00000105355,PLIN3,16893,10226, PP17,HGNC
4733,ENSG00000117632,STMN1,6510,3925, PP17,HGNC
11897,ENSG00000166794,PPIB,9255,5479, PPIase,HGNC
4951,ENSG00000119782,FKBP1B,3712,2281, PPIase,HGNC
2049,ENSG00000096060,FKBP5,3721,2289, PPIase,HGNC
13477,ENSG00000173486,FKBP2,3718,2286, PPIase,HGNC
6174,ENSG00000129951,PLPPR3,23497,79948, PRG2,HGNC
6258,ENSG00000130508,PXDN,14966,7837, PRG2,HGNC
17635,ENSG00000198646,NCOA6,15936,23054, PRIP,HGNC
4487,ENSG00000115896,PLCL1,9063,5334, PRIP,HGNC
8292,ENSG00000143125,PROK1,18454,84432, PRK1,HGNC
5336,ENSG00000123143,PKN1,9405,5585, PRK1,HGNC
12956,ENSG00000171199,OPRPN,17279,58503, PRL1,HGNC
4020,ENSG00000112245,PTP4A1,9634,7803, PRL1,HGNC
12957,ENSG00000171201,SMR3B,17326,10879, PRL3,HGNC
15643,ENSG00000184489,PTP4A3,9636,11156, PRL3,HGNC
8799,ENSG00000146278,PNRC1,17278,10957, PRR2,HGNC
6208,ENSG00000130202,NECTIN2,9707,5819, PRR2,HGNC
6590,ENSG00000132541,RIDA,16897,10247, PSP,HGNC
36881,ENSG00000263639,MSMB,7372,4477, PSP,HGNC
6371,ENSG00000131050,BPIFA2,16203,140683, PSP,HGNC
29689,ENSG00000237984,PTENP1,9589,11191, PTH2,HGNC
8071,ENSG00000141378,PTRH2,24265,51651, PTH2,HGNC
4410,ENSG00000115386,REG1A,9951,5967, PTP,HGNC
1307,ENSG00000075415,SLC25A3,10989,5250, PTP,HGNC
817,ENSG00000060656,PTPRU,9683,10076, PTP,HGNC
15083,ENSG00000182150,ERCC6L2,26922,375748, RAD26L,HGNC
16229,ENSG00000186871,ERCC6L,20794,54821, RAD26L,HGNC
25680,ENSG00000229140,CCDC26,28416,137196, RAM,HGNC
12591,ENSG00000169612,RAMAC,31022,83640, RAM,HGNC
1089,ENSG00000069974,RAB27A,9766,5873, RAM,HGNC
2610,ENSG00000102032,RENBP,9959,5973, RBP,HGNC
3171,ENSG00000105705,SUGP1,18643,57794, RBP,HGNC
4046,ENSG00000112357,PEX7,8860,5191, RD,HGNC
3417,ENSG00000107537,PHYH,8940,5264, RD,HGNC
2387,ENSG00000100823,APEX1,587,328, REF1,HGNC
3194,ENSG00000105825,TFPI2,11761,7980, REF1,HGNC
7851,ENSG00000139725,RHOF,15703,54509, RIF,HGNC
12828,ENSG00000170633,RNF34,17297,80196, RIF,HGNC
674,ENSG00000050165,DKK3,2893,27122, RIG,HGNC
14033,ENSG00000176490,DIRAS1,19127,148252, RIG,HGNC
6729,ENSG00000133321,PLAAT4,9869,5920, RIG1,HGNC
3393,ENSG00000107201,RIGI,19102,23586, RIG1,HGNC
5158,ENSG00000121481,RNF2,10061,6045, RING2,HGNC
19063,ENSG00000204228,HSD17B8,3554,7923, RING2,HGNC
19092,ENSG00000204308,RNF5,10068,6048, RING5,HGNC
4057,ENSG00000112473,SLC39A7,4927,7922, RING5,HGNC
39032,ENSG00000273032,DGCR5,16757,26220, RIP,HGNC
6100,ENSG00000129197,RPAIN,28641,84268, RIP,HGNC
375,ENSG00000017797,RALBP1,9841,10928, RIP,HGNC
7427,ENSG00000137275,RIPK1,10019,8737, RIP1,HGNC
375,ENSG00000017797,RALBP1,9841,10928, RIP1,HGNC
12455,ENSG00000169021,UQCRFS1,12587,7386, RIP1,HGNC
21759,ENSG00000214944,ARHGEF28,30322,64283, RIP2,HGNC
2891,ENSG00000104312,RIPK2,10020,8767, RIP2,HGNC
6684,ENSG00000133059,DSTYK,29043,25778, RIP5,HGNC
2432,ENSG00000101084,RAB5IF,15870,55969, RIP5,HGNC
9885,ENSG00000155906,RMND1,21176,55005, RMD1,HGNC
14054,ENSG00000176623,RMDN1,24285,51115, RMD1,HGNC
10410,ENSG00000160201,U2AF1,12453,7307, RN,HGNC
10387,ENSG00000160094,ZNF362,18079,149076, RN,HGNC
19102,ENSG00000204344,STK19,11398,8859, RP1,HGNC
28455,ENSG00000235246,TMEM184B-AS1,56716,128385376, RP1,HGNC
14608,ENSG00000179456,ZBTB18,13030,10472, RP58,HGNC
11098,ENSG00000163795,ZNF513,26498,130557, RP58,HGNC
1169,ENSG00000071994,PDCD2,8762,5134, RP8,HGNC
20435,ENSG00000210184,MT-TS2,7498,4575, RP8,HGNC
13231,ENSG00000172336,POP7,19949,10248, RPP2,HGNC
14261,ENSG00000177600,RPLP2,10377,6181, RPP2,HGNC
2325,ENSG00000100519,PSMC6,9553,5706, RPT5,HGNC
11680,ENSG00000165916,PSMC3,9549,5702, RPT5,HGNC
39162,ENSG00000273899,NOL12,28585,79159, RRP17,HGNC
38589,ENSG00000270885,RASL10B,30295,91608, RRP17,HGNC
1552,ENSG00000082014,SMARCD3,11108,6604, Rsc6p,HGNC
960,ENSG00000066117,SMARCD1,11106,6602, Rsc6p,HGNC
3555,ENSG00000108604,SMARCD2,11107,6603, Rsc6p,HGNC
7825,ENSG00000139613,SMARCC2,11105,6601, Rsc8,HGNC
13474,ENSG00000173473,SMARCC1,11104,6599, Rsc8,HGNC
9364,ENSG00000151365,THRSP,11800,7069, S14,HGNC
11349,ENSG00000164587,RPS14,10387,6208, S14,HGNC
3733,ENSG00000110075,PPP6R3,1173,55291, SAP190,HGNC
2226,ENSG00000100239,PPP6R2,19253,9701, SAP190,HGNC
7513,ENSG00000137804,NUSAP1,18538,51203, SAPL,HGNC
3733,ENSG00000110075,PPP6R3,1173,55291, SAPL,HGNC
44456,,SIAT5,10865,, SAT3,HGNC
3737,ENSG00000110080,ST3GAL4,10864,6484, SAT3,HGNC
10436,ENSG00000160299,PCNT,16068,5116, SCKL4,HGNC
9435,ENSG00000151849,CENPJ,17272,55835, SCKL4,HGNC
8558,ENSG00000144579,CTDSP1,21614,58190, SCP1,HGNC
17690,ENSG00000198765,SYCP1,11487,6847, SCP1,HGNC
11311,ENSG00000164402,SEPTIN8,16511,23176, SEP2,HGNC
5618,ENSG00000125354,SEPTIN6,15848,23157, SEP2,HGNC
17544,ENSG00000198324,PHETA1,26509,144717, SES1,HGNC
17737,ENSG00000198848,CES1,1863,1066, SES1,HGNC
2389,ENSG00000100842,EFS,16898,10278, SIN,HGNC
788,ENSG00000058600,POLR3E,30347,55718, SIN,HGNC
10979,ENSG00000163467,TSACC,30636,128229, SIP,HGNC
11450,ENSG00000164938,TP53INP1,18022,94241, SIP,HGNC
17219,ENSG00000197256,KANK2,29300,25959, SIP,HGNC
4467,ENSG00000115750,TAF1B,11533,9014, SL1,HGNC
8386,ENSG00000143498,TAF1A,11532,9015, SL1,HGNC
2766,ENSG00000103168,TAF1C,11534,9013, SL1,HGNC
9887,ENSG00000155926,SLA,10902,6503, SLAP,HGNC
17694,ENSG00000198780,FAM169A,29138,26049, SLAP,HGNC
13169,ENSG00000172062,SMN1,11117,6606, SMA3,HGNC
34269,ENSG00000253816,GUSBP14,54496,11039, SMA3,HGNC
7464,ENSG00000137504,CREBZF,24905,58487, SMILE,HGNC
7787,ENSG00000139324,TMTC3,26899,160418, SMILE,HGNC
5928,ENSG00000127616,SMARCA4,11100,6597, SNF2,HGNC
1493,ENSG00000080503,SMARCA2,11098,6595, SNF2,HGNC
12417,ENSG00000168883,USP39,20071,10713, SNRNP65,HGNC
16002,ENSG00000185946,RNPC3,18666,55599, SNRNP65,HGNC
6089,ENSG00000129128,SPCS3,26212,60559, SPC3,HGNC
13833,ENSG00000175426,PCSK1,8743,5122, SPC3,HGNC
5690,ENSG00000125755,SYMPK,22935,8189, SPK,HGNC
12238,ENSG00000168078,PBK,18282,55872, SPK,HGNC
16007,ENSG00000185960,SHOX,10853,6473, SS,HGNC
32778,ENSG00000250361,GYPB,4703,2994, SS,HGNC
917,ENSG00000065243,PKN2,9406,5586, STK7,HGNC
1750,ENSG00000087586,AURKA,11393,6790, STK7,HGNC
1493,ENSG00000080503,SMARCA2,11098,6595, SWI2,HGNC
5928,ENSG00000127616,SMARCA4,11100,6597, SWI2,HGNC
211,ENSG00000008294,SPAG9,14524,9043, SYD1,HGNC
3033,ENSG00000105137,SYDE1,25824,85360, SYD1,HGNC
902,ENSG00000064932,SBNO2,29158,22904, Sno,HGNC
7846,ENSG00000139697,SBNO1,22973,55206, Sno,HGNC
15855,ENSG00000185344,ATP6V0A2,18481,23545, Stv1,HGNC
504,ENSG00000033627,ATP6V0A1,865,535, Stv1,HGNC
3214,ENSG00000105929,ATP6V0A4,866,50617, Stv1,HGNC
4449,ENSG00000115602,IL1RL1,5998,9173, T1,HGNC
12105,ENSG00000167632,TRAPPC9,30832,83696, T1,HGNC
14114,ENSG00000176907,TCIM,1357,56892, TC1,HGNC
6947,ENSG00000134827,TCN1,11652,6947, TC1,HGNC
20620,ENSG00000211812,TRAV26-2,12124,28656, TCRAV4S1,HGNC
20587,ENSG00000211778,TRAV4,12140,28689, TCRAV4S1,HGNC
20567,ENSG00000211739,TRBV12-2,12184,28578, TCRBV12S2,HGNC
20558,ENSG00000211717,TRBV10-1,12177,28585, TCRBV12S2,HGNC
39311,ENSG00000274752,TRBV12-3,12185,28577, TCRBV12S3,HGNC
25955,ENSG00000229769,TRBV10-2,12178,28584, TCRBV12S3,HGNC
33205,ENSG00000251578,TRBV21-1,12198,28566, TCRBV21S1,HGNC
20559,ENSG00000211720,TRBV11-1,12180,28582, TCRBV21S1,HGNC
24632,ENSG00000226660,TRBV2,12195,28620, TCRBV2S1,HGNC
20570,ENSG00000211747,TRBV20-1,12196,28567, TCRBV2S1,HGNC
29559,ENSG00000237702,TRBV3-1,12212,28619, TCRBV3S1,HGNC
20575,ENSG00000211753,TRBV28,12209,28559, TCRBV3S1,HGNC
3881,ENSG00000111358,GTF2H3,4657,2967, TFIIH,HGNC
8710,ENSG00000145736,GTF2H2,4656,2966, TFIIH,HGNC
38874,ENSG00000272047,GTF2H5,21157,404672, TFIIH,HGNC
21353,ENSG00000213780,GTF2H4,4658,2968, TFIIH,HGNC
3800,ENSG00000110768,GTF2H1,4655,2965, TFIIH,HGNC
3902,ENSG00000111602,TIMELESS,11813,8914, TIM1,HGNC
4145,ENSG00000113249,HAVCR1,17866,26762, TIM1,HGNC
675,ENSG00000050327,ARHGEF5,13209,7984, TIM1,HGNC
6147,ENSG00000129636,ITFG1,30697,81533, TIP,HGNC
5397,ENSG00000123600,METTL8,25856,79828, TIP,HGNC
5637,ENSG00000125454,SLC25A19,14409,60386, TPC,HGNC
3483,ENSG00000108091,CCDC6,18782,8030, TPC,HGNC
13511,ENSG00000173662,TAS1R1,14448,80835, TR1,HGNC
11404,ENSG00000164761,TNFRSF11B,11909,4982, TR1,HGNC
14516,ENSG00000179002,TAS1R2,14905,80834, TR2,HGNC
10117,ENSG00000157873,TNFRSF14,11912,8764, TR2,HGNC
21979,ENSG00000215788,TNFRSF25,11910,8718, TR3,HGNC
15638,ENSG00000184470,TXNRD2,18155,10587, TR3,HGNC
21979,ENSG00000215788,TNFRSF25,11910,8718, TRAMP,HGNC
999,ENSG00000067167,TRAM1,20568,23471, TRAMP,HGNC
8184,ENSG00000142186,SCYL1,14372,57410, TRAP,HGNC
2648,ENSG00000102245,CD40LG,11935,959, TRAP,HGNC
13447,ENSG00000173334,TRIB1,16891,10221, TRB1,HGNC
20770,ENSG00000212127,TAS2R14,14920,50840, TRB1,HGNC
20771,ENSG00000212128,TAS2R13,14919,50838, TRB3,HGNC
2478,ENSG00000101255,TRIB3,16228,57761, TRB3,HGNC
4182,ENSG00000113525,IL5,6016,3567, TRF,HGNC
8970,ENSG00000147601,TERF1,11728,7013, TRF,HGNC
797,ENSG00000059377,TBXAS1,11609,6916, TS,HGNC
9329,ENSG00000151067,CACNA1C,1390,775, TS,HGNC
14697,ENSG00000179981,TSHZ1,10669,10194, TSH1,HGNC
15980,ENSG00000185875,THNSL1,26160,79896, TSH1,HGNC
15157,ENSG00000182463,TSHZ2,13010,128553, TSH2,HGNC
8495,ENSG00000144115,THNSL2,25602,55258, TSH2,HGNC
5963,ENSG00000128016,ZFP36,12862,7538, TTP,HGNC
10442,ENSG00000160323,ADAMTS13,1366,11093, TTP,HGNC
37355,ENSG00000265185,SNORD3B-1,10168,26851, U3b2,HGNC
36691,ENSG00000262074,SNORD3B-2,33190,780852, U3b2,HGNC
10658,ENSG00000162191,UBXN1,18402,51035, UBXD10,HGNC
1789,ENSG00000088833,NSFL1C,15912,55968, UBXD10,HGNC
6347,ENSG00000130939,UBE4B,12500,10277, UFD2,HGNC
3762,ENSG00000110344,UBE4A,12499,9354, UFD2,HGNC
3699,ENSG00000109814,UGDH,12525,7358, UGD,HGNC
4456,ENSG00000115652,UXS1,17729,80146, UGD,HGNC
5078,ENSG00000120725,SIL1,24624,64374, ULG5,HGNC
7570,ENSG00000138039,LHCGR,6585,3973, ULG5,HGNC
1338,ENSG00000076248,UNG,12572,7374, UNG2,HGNC
9536,ENSG00000152669,CCNO,18576,10309, UNG2,HGNC
231,ENSG00000009307,CSDE1,29905,7812, UNR,HGNC
16239,ENSG00000186912,P2RY4,8542,5030, UNR,HGNC
8626,ENSG00000145040,UCN2,18414,90226, URP,HGNC
12516,ENSG00000169249,ZRSR2,23019,8233, URP,HGNC
7346,ENSG00000136888,ATP6V1G1,864,9550, Vma10,HGNC
9371,ENSG00000151418,ATP6V1G3,18265,127124, Vma10,HGNC
8939,ENSG00000147416,ATP6V1B2,854,526, Vma2,HGNC
4513,ENSG00000116039,ATP6V1B1,853,525, Vma2,HGNC
15855,ENSG00000185344,ATP6V0A2,18481,23545, Vph1,HGNC
504,ENSG00000033627,ATP6V0A1,865,535, Vph1,HGNC
3214,ENSG00000105929,ATP6V0A4,866,50617, Vph1,HGNC
2116,ENSG00000099817,POLR2E,9192,5434, XAP4,HGNC
5710,ENSG00000125826,RBCK1,15864,10616, XAP4,HGNC
3930,ENSG00000111711,GOLT1B,20175,51026, YMR292W,HGNC
13666,ENSG00000174567,GOLT1A,24766,127845, YMR292W,HGNC
13376,ENSG00000172977,KAT5,5275,10524, ZC2HC5,HGNC
2842,ENSG00000103671,TRIP4,12310,9325, ZC2HC5,HGNC
17043,ENSG00000196660,SLC30A10,25355,55532, ZNT8,HGNC
11402,ENSG00000164756,SLC30A8,20303,169026, ZNT8,HGNC
31892,ENSG00000245680,ZNF585B,30948,92285, Zfp27,HGNC
17127,ENSG00000196967,ZNF585A,26305,199704, Zfp27,HGNC
10555,ENSG00000161203,AP2M1,564,1173, mu2,HGNC
6118,ENSG00000129354,AP1M2,558,10053, mu2,HGNC
5293,ENSG00000122735,DNAI1,2954,27019, oda6,HGNC
13053,ENSG00000171595,DNAI2,18744,64446, oda6,HGNC
3649,ENSG00000109320,NFKB1,7794,4790, p105,HGNC
1369,ENSG00000077150,NFKB2,7795,4791, p105,HGNC
7711,ENSG00000138768,USO1,30904,8615, p115,HGNC
1852,ENSG00000089820,ARHGAP4,674,393, p115,HGNC
4118,ENSG00000112983,BRD8,19874,10902, p120,HGNC
3907,ENSG00000111641,NOP2,7867,4839, p120,HGNC
17611,ENSG00000198561,CTNND1,2515,1500, p120,HGNC
8704,ENSG00000145715,RASA1,9871,5921, p120,HGNC
4574,ENSG00000116586,LAMTOR2,29796,28956, p14,HGNC
12165,ENSG00000167797,CDK2AP2,30833,10263, p14,HGNC
4167,ENSG00000113387,SUB1,19985,10923, p14,HGNC
9006,ENSG00000147889,CDKN2A,1787,1029, p14,HGNC
2068,ENSG00000097007,ABL1,76,25, p150,HGNC
11909,ENSG00000166825,ANPEP,500,290, p150,HGNC
16977,ENSG00000196455,PIK3R4,8982,30849, p150,HGNC
17008,ENSG00000196550,FAM72A,24044,729533, p17,HGNC
9036,ENSG00000148229,POLE3,13546,54107, p17,HGNC
7584,ENSG00000138085,ATRAID,24090,51374, p18,HGNC
14637,ENSG00000179636,TPPP2,19293,122664, p18,HGNC
9173,ENSG00000149357,LAMTOR1,26068,55004, p18,HGNC
5324,ENSG00000123080,CDKN2C,1789,1031, p18,HGNC
6119,ENSG00000129355,CDKN2D,1790,1032, p19,HGNC
9006,ENSG00000147889,CDKN2A,1787,1029, p19,HGNC
228,ENSG00000008869,HEATR5B,29273,54497, p200,HGNC
985,ENSG00000066777,ARFGEF1,15772,10565, p200,HGNC
16749,ENSG00000189079,ARID2,18037,196528, p200,HGNC
17171,ENSG00000197102,DYNC1H1,2961,1778, p22,HGNC
16331,ENSG00000187446,CHP1,17433,11261, p22,HGNC
21784,ENSG00000215021,PHB2,30306,11331, p22,HGNC
11916,ENSG00000166847,DCTN5,24594,84516, p25,HGNC
12991,ENSG00000171368,TPPP,24164,11076, p25,HGNC
14079,ENSG00000176749,CDK5R1,1775,8851, p35,HGNC
31437,ENSG00000243566,UPK3B,21444,105375355, p35,HGNC
12402,ENSG00000168811,IL12A,5969,3592, p35,HGNC
22445,ENSG00000220875,H3C9P,18982,100289545, p36,HGNC
5277,ENSG00000122643,NT5C3A,17820,51251, p36,HGNC
1222,ENSG00000073282,TP63,15979,8626, p40,HGNC
2403,ENSG00000100916,BRMS1L,20512,84312, p40,HGNC
12223,ENSG00000168028,RPSA,6502,3921, p40,HGNC
17597,ENSG00000198520,ARMH1,34345,339541, p40,HGNC
4559,ENSG00000116455,WDR77,29652,79084, p44,HGNC
8710,ENSG00000145736,GTF2H2,4656,2966, p44,HGNC
7554,ENSG00000137965,IFI44,16938,10561, p44,HGNC
1726,ENSG00000087191,PSMC5,9552,5705, p45,HGNC
8690,ENSG00000145604,SKP2,10901,6502, p45,HGNC
38475,ENSG00000270433,H3P37,19823,664611, p47,HGNC
9630,ENSG00000153487,ING1,6062,3621, p47,HGNC
1789,ENSG00000088833,NSFL1C,15912,55968, p47,HGNC
12276,ENSG00000168267,PTF1A,23734,256297, p48,HGNC
35999,ENSG00000259389,H3P38,31028,654505, p48,HGNC
3649,ENSG00000109320,NFKB1,7794,4790, p50,HGNC
7617,ENSG00000138303,ASCC1,24268,51008, p50,HGNC
1240,ENSG00000073792,IGF2BP2,28867,10644, p62,HGNC
6660,ENSG00000132912,DCTN4,15518,51164, p62,HGNC
5184,ENSG00000121774,KHDRBS1,18116,10657, p62,HGNC
3089,ENSG00000105383,CD33,1659,945, p67,HGNC
3840,ENSG00000111142,METAP2,16672,10988, p67,HGNC
11465,ENSG00000164985,PSIP1,9527,11168, p75,HGNC
1157,ENSG00000071564,TCF3,11633,6929, p75,HGNC
468,ENSG00000028137,TNFRSF1B,11917,7133, p75,HGNC
1328,ENSG00000075914,EXOSC7,28112,23016, p8,HGNC
13944,ENSG00000176046,NUPR1,29990,26471, p8,HGNC
15216,ENSG00000182712,CMC4,35428,100272147, p8,HGNC
8696,ENSG00000145675,PIK3R1,8979,5295, p85,HGNC
1784,ENSG00000088808,PPP1R13B,14950,23368, p85,HGNC
5647,ENSG00000125503,PPP1R12C,14947,54776, p85,HGNC
3148,ENSG00000105647,PIK3R2,8980,5296, p85,HGNC
9645,ENSG00000153774,CFDP1,1873,10428, p97,HGNC
3758,ENSG00000110321,EIF4G2,3297,1982, p97,HGNC
14598,ENSG00000179409,GEMIN4,15717,50628, p97,HGNC
11532,ENSG00000165280,VCP,12666,7415, p97,HGNC
23852,ENSG00000224960,PPP4R3C,33146,139420, smk1,HGNC
2380,ENSG00000100796,PPP4R3A,20219,55671, smk1,HGNC
10231,ENSG00000158792,SPATA2L,28393,124044, tamo,HGNC
10190,ENSG00000158480,SPATA2,14681,9825, tamo,HGNC
913,ENSG00000065135,GNAI3,4387,2773,87U6,HGNC
19772,ENSG00000206832,RNU6V,10230,6071,87U6,HGNC
11356,ENSG00000164609,SLU7,16939,10569,9G8,HGNC
4485,ENSG00000115875,SRSF7,10789,6432,9G8,HGNC
525,ENSG00000035928,RFC1,9969,5981,A1,HGNC
664,ENSG00000049541,RFC2,9970,5982,A1,HGNC
11141,ENSG00000163918,RFC4,9972,5984,A1,HGNC
6026,ENSG00000128591,FLNC,3756,2318,ABP-280,HGNC
17115,ENSG00000196924,FLNA,3754,2316,ABP-280,HGNC
36429,ENSG00000260943,LINC02555,53593,101930164,AC079630.2,HGNC
23347,ENSG00000223914,LINC02471,53410,105369734,AC079630.2,HGNC
29996,ENSG00000239149,SNORA59A,32653,677885,ACA59,HGNC
37630,ENSG00000266079,SNORA59B,32658,677882,ACA59,HGNC
40315,ENSG00000282608,ADORA3,268,140,AD026,HGNC
5203,ENSG00000121933,TMIGD3,51375,57413,AD026,HGNC
1145,ENSG00000071127,WDR1,12754,9948,AIP1,HGNC
12805,ENSG00000170540,ARL6IP1,697,23204,AIP1,HGNC
5341,ENSG00000123165,ACTRT1,24027,139741,AIP1,HGNC
16328,ENSG00000187391,MAGI2,18957,9863,AIP1,HGNC
17547,ENSG00000198336,MYL4,7585,4635,ALC1,HGNC
6476,ENSG00000131778,CHD1L,1916,9557,ALC1,HGNC
41314,,ATHS,793,,ALP,HGNC
21413,ENSG00000213927,CCL27,10626,10850,ALP,HGNC
9748,ENSG00000154553,PDLIM3,20767,27295,ALP,HGNC
12079,ENSG00000167548,KMT2D,7133,8085,ALR,HGNC
4698,ENSG00000117448,AKR1A1,380,10327,ALR,HGNC
1663,ENSG00000085662,AKR1B1,381,231,AR,HGNC
3650,ENSG00000109321,AREG,651,374,AR,HGNC
2475,ENSG00000101246,ARFRP1,662,10139,ARP,HGNC
8628,ENSG00000145050,MANF,15461,7873,ARP,HGNC
6752,ENSG00000133627,ACTR3B,17256,57180,ARP11,HGNC
3314,ENSG00000106526,ACTR3C,37282,653857,ARP11,HGNC
7332,ENSG00000136859,ANGPTL2,490,23452,ARP2,HGNC
7575,ENSG00000138071,ACTR2,169,10097,ARP2,HGNC
4351,ENSG00000115091,ACTR3,170,10096,ARP3,HGNC
6003,ENSG00000128383,APOBEC3A,17343,200315,ARP3,HGNC
31517,ENSG00000243811,APOBEC3D,17354,140564,ARP6,HGNC
1285,ENSG00000075089,ACTR6,24025,64431,ARP6,HGNC
43608,,RIEG2,10015,,ARS,HGNC
5784,ENSG00000126233,SLURP1,18746,57152,ARS,HGNC
7258,ENSG00000136450,SRSF1,10780,6426,ASF,HGNC
837,ENSG00000062096,ARSF,721,416,ASF,HGNC
3511,ENSG00000108381,ASPA,756,443,ASP,HGNC
8680,ENSG00000145491,ROPN1L,24060,83853,ASP,HGNC
775,ENSG00000057663,ATG5,589,9474,ASP,HGNC
2524,ENSG00000101440,ASIP,745,434,ASP,HGNC
40319,ENSG00000282728,PGR-AS1,52650,101054525,AT1,HGNC
8611,ENSG00000144891,AGTR1,336,185,AT1,HGNC
5259,ENSG00000122507,BBS9,30000,27241,B1,HGNC
9987,ENSG00000156738,MS4A1,7315,931,B1,HGNC
10269,ENSG00000159147,DONSON,2993,29980,B17,HGNC
11527,ENSG00000165264,NDUFB6,7701,4712,B17,HGNC
2109,ENSG00000099795,NDUFB7,7702,4713,B18,HGNC
11961,ENSG00000166979,EVA1C,13239,59271,B18,HGNC
177,ENSG00000007312,CD79B,1699,974,B29,HGNC
6803,ENSG00000134042,MRO,24121,83876,B29,HGNC
3921,ENSG00000111676,ATN1,3033,1822,B37,HGNC
19554,ENSG00000205929,EPCIP,1305,56245,B37,HGNC
12882,ENSG00000170906,NDUFA3,7686,4696,B9,HGNC
3558,ENSG00000108641,B9D1,24123,27077,B9,HGNC
5648,ENSG00000125505,MBOAT7,15505,79143,BB1,HGNC
7090,ENSG00000135577,NMBR,7843,4829,BB1,HGNC
1870,ENSG00000090339,ICAM1,5344,3383,BB2,HGNC
5767,ENSG00000126010,GRPR,4609,2925,BB2,HGNC
13169,ENSG00000172062,SMN1,11117,6606,BCD541,HGNC
19464,ENSG00000205571,SMN2,11118,6607,BCD541,HGNC
12212,ENSG00000167995,BEST1,12703,7439,BMD,HGNC
17793,ENSG00000198947,DMD,2928,1756,BMD,HGNC
4445,ENSG00000115593,SMYD1,20986,150572,BOP,HGNC
6036,ENSG00000128617,OPN1SW,1012,611,BOP,HGNC
3800,ENSG00000110768,GTF2H1,4655,2965,BTF2,HGNC
3881,ENSG00000111358,GTF2H3,4657,2967,BTF2,HGNC
8710,ENSG00000145736,GTF2H2,4656,2966,BTF2,HGNC
5524,ENSG00000124508,BTN2A2,1137,10385,BTF2,HGNC
5306,ENSG00000122863,CHST3,1971,9469,C6ST,HGNC
13800,ENSG00000175264,CHST1,1969,8534,C6ST,HGNC
13754,ENSG00000175040,CHST2,1970,9435,C6ST,HGNC
14914,ENSG00000181143,MUC16,15582,94025,CA125,HGNC
16607,ENSG00000188554,NBR1,6746,4077,CA125,HGNC
12585,ENSG00000169598,DFFB,2773,1677,CAD,HGNC
2699,ENSG00000102794,ACOD1,33904,730249,CAD,HGNC
6808,ENSG00000134058,CDK7,1778,1022,CAK1,HGNC
2705,ENSG00000102854,MSLN,7371,10232,CAK1,HGNC
16742,ENSG00000189057,FAM111B,24200,374393,CANP,HGNC
5787,ENSG00000126247,CAPNS1,1481,826,CANP,HGNC
11698,ENSG00000165996,HACD1,9639,9200,CAP,HGNC
6404,ENSG00000131236,CAP1,20040,10487,CAP,HGNC
4173,ENSG00000113441,LNPEP,6656,4012,CAP,HGNC
9755,ENSG00000154639,CXADR,2559,1525,CAR,HGNC
17414,ENSG00000197912,SPG7,11237,6687,CAR,HGNC
21570,ENSG00000214319,CXADRP1,23770,653108,CAR,HGNC
8264,ENSG00000142867,BCL10,989,8915,CARMEN,HGNC
32549,ENSG00000249669,CARMN,42872,728264,CARMEN,HGNC
41715,,DGCR,2844,1714,CATCH22,HGNC
15542,ENSG00000184058,TBX1,11592,6899,CATCH22,HGNC
13748,ENSG00000174990,CA5A,1377,763,CAV,HGNC
3222,ENSG00000105971,CAV2,1528,858,CAV,HGNC
18928,ENSG00000203747,FCGR3A,3619,2214,CD16,HGNC
10788,ENSG00000162747,FCGR3B,3620,2215,CD16,HGNC
8321,ENSG00000143226,FCGR2A,3616,2212,CD32,HGNC
1199,ENSG00000072694,FCGR2B,3618,2213,CD32,HGNC
10977,ENSG00000163464,CXCR1,6026,3577,CKR-1,HGNC
11112,ENSG00000163823,CCR1,1602,1230,CKR-1,HGNC
2317,ENSG00000100478,AP4S1,575,11154,CLA20,HGNC
1122,ENSG00000070718,AP3M2,570,10947,CLA20,HGNC
12402,ENSG00000168811,IL12A,5969,3592,CLMF,HGNC
4154,ENSG00000113302,IL12B,5970,3593,CLMF,HGNC
6095,ENSG00000129170,CSRP3,2472,8048,CLP,HGNC
2770,ENSG00000103187,COTL1,18304,23406,CLP,HGNC
14400,ENSG00000178363,CALML3,1452,810,CLP,HGNC
43306,,PCDHA@,8662,56117,CNR1,HGNC
19333,ENSG00000204967,PCDHA4,8670,56144,CNR1,HGNC
40972,ENSG00000284844,TOMT,55527,120356740,COMT2,HGNC
40980,ENSG00000284922,LRTOMT,25033,220074,COMT2,HGNC
17709,ENSG00000198804,MT-CO1,7419,4512,COX1,HGNC
2019,ENSG00000095303,PTGS1,9604,5742,COX1,HGNC
17660,ENSG00000198712,MT-CO2,7421,4513,COX2,HGNC
1239,ENSG00000073756,PTGS2,9605,5743,COX2,HGNC
11732,ENSG00000166143,PPP1R14D,14953,54866,CPI17-like,HGNC
17670,ENSG00000198729,PPP1R14C,14952,81706,CPI17-like,HGNC
8907,ENSG00000147155,EBP,3133,10682,CPX,HGNC
1506,ENSG00000080819,CPOX,2321,1371,CPX,HGNC
16933,ENSG00000196352,CD55,2665,1604,CR,HGNC
16075,ENSG00000186197,EDARADD,14341,128178,CR,HGNC
30663,ENSG00000241186,CRIPTO,11701,6997,CR,HGNC
8963,ENSG00000147571,CRH,2355,1392,CRF,HGNC
6381,ENSG00000131094,C1QL1,24182,10882,CRF,HGNC
7645,ENSG00000138434,ITPRID2,11319,6744,CS-1,HGNC
13252,ENSG00000172399,MYOZ2,1330,51778,CS-1,HGNC
35853,ENSG00000258992,TSPY1,12381,7258,CT78,HGNC
25586,ENSG00000228927,TSPY3,33876,728137,CT78,HGNC
36513,ENSG00000261279,ULK4P1,15775,89838,D-X,HGNC
41981,,FAM7A5,15779,,D-X,HGNC
36222,ENSG00000260128,ULK4P2,15776,100288380,D-X,HGNC
41980,,FAM7A4,15778,,D-X,HGNC
14352,ENSG00000178081,ULK4P3,15777,89837,D-X,HGNC
1408,ENSG00000078098,FAP,3590,2191,DPPIV,HGNC
17335,ENSG00000197635,DPP4,3009,1803,DPPIV,HGNC
7852,ENSG00000139726,DENR,2769,8562,DRP,HGNC
9556,ENSG00000152818,UTRN,12635,7402,DRP,HGNC
1206,ENSG00000072832,CRMP1,2365,1400,DRP-1,HGNC
520,ENSG00000035664,DAPK2,2675,23604,DRP-1,HGNC
12067,ENSG00000167513,CDT1,24576,81620,DUP,HGNC
4157,ENSG00000113318,MSH3,7326,4437,DUP,HGNC
18191,ENSG00000200320,SNORA63,10106,6043,E3,HGNC
8296,ENSG00000143149,ALDH9A1,412,223,E3,HGNC
4494,ENSG00000115944,COX7A2L,2289,9167,EB1,HGNC
2510,ENSG00000101367,MAPRE1,6890,22919,EB1,HGNC
4186,ENSG00000113558,SKP1,10899,6500,EMC19,HGNC
26623,ENSG00000231234,SKP1P1,33696,6922,EMC19,HGNC
5117,ENSG00000121053,EPX,3423,8288,EPO,HGNC
2649,ENSG00000102265,TIMP1,11820,7076,EPO,HGNC
10970,ENSG00000163435,ELF3,3318,1999,EPR-1,HGNC
1845,ENSG00000089685,BIRC5,593,332,EPR-1,HGNC
41823,,EPR1,3417,,EPR-1,HGNC
5584,ENSG00000124882,EREG,3443,2069,ER,HGNC
1941,ENSG00000091831,ESR1,3467,2099,ER,HGNC
6597,ENSG00000132589,FLOT2,3758,2319,ESA,HGNC
95,ENSG00000005421,PON1,9204,5444,ESA,HGNC
29509,ENSG00000237613,FAM138A,32334,645520,F379,HGNC
32338,ENSG00000249054,FAM138D,33583,677784,F379,HGNC
32285,ENSG00000248893,FAM138E,32335,100124412,F379,HGNC
40312,ENSG00000282591,FAM138F,33581,641702,F379,HGNC
22269,ENSG00000218839,FAM138C,32333,654835,F379,HGNC
24570,ENSG00000226516,FAM138B,33582,654412,F379,HGNC
7826,ENSG00000139618,BRCA2,1101,675,FAD,HGNC
8553,ENSG00000144554,FANCD2,3585,2177,FAD,HGNC
1505,ENSG00000080815,PSEN1,9508,5663,FAD,HGNC
4817,ENSG00000118564,FBXL5,13602,26234,FBL4,HGNC
4016,ENSG00000112234,FBXL4,13601,26235,FBL4,HGNC
10740,ENSG00000162613,FUBP1,4004,8880,FBP,HGNC
4883,ENSG00000119396,RAB14,16524,51552,FBP,HGNC
7293,ENSG00000136694,IL36A,15562,27179,FIL1,HGNC
7294,ENSG00000136695,IL36RN,15561,26525,FIL1,HGNC
7295,ENSG00000136696,IL36B,15564,27177,FIL1,HGNC
5659,ENSG00000125571,IL37,15563,27178,FIL1,HGNC
18970,ENSG00000203880,PCMTD2,15882,55251,FLJ10883,HGNC
12289,ENSG00000168300,PCMTD1,30483,115294,FLJ10883,HGNC
15370,ENSG00000183354,BRD10,23378,158358,FLJ20375,HGNC
16563,ENSG00000188352,FOCAD,23377,54914,FLJ20375,HGNC
9430,ENSG00000151812,SLC35F4,19845,341880,FLJ37712,HGNC
15481,ENSG00000183780,SLC35F3,23616,148641,FLJ37712,HGNC
41158,ENSG00000288784,CTAGE4,24772,100128553,FLJ43692,HGNC
21095,ENSG00000213214,ARHGEF35,33846,445328,FLJ43692,HGNC
1228,ENSG00000073578,SDHA,10680,6389,FP,HGNC
5250,ENSG00000122420,PTGFR,9600,5737,FP,HGNC
4992,ENSG00000120063,GNA13,4381,10672,G13,HGNC
21301,ENSG00000213676,ATF6B,2349,1388,G13,HGNC
19090,ENSG00000204304,PBX2,8633,5089,G17,HGNC
16559,ENSG00000188338,SLC38A3,18044,10991,G17,HGNC
3768,ENSG00000110427,KIAA1549L,24836,25758,G2,HGNC
19154,ENSG00000204469,PRRC2A,13918,7916,G2,HGNC
25685,ENSG00000229150,CRYGEP,2412,200575,G2,HGNC
39377,ENSG00000275113,GAGE2E,31960,26749,GAGE8,HGNC
42169,,GAGE2D,31959,729408,GAGE8,HGNC
19357,ENSG00000205076,LGALS7,6568,3963,GAL7,HGNC
14499,ENSG00000178934,LGALS7B,34447,653499,GAL7,HGNC
505,ENSG00000033800,PIAS1,2752,8554,GBP,HGNC
2183,ENSG00000100097,LGALS1,6561,3956,GBP,HGNC
124,ENSG00000006118,TMEM132A,31092,54972,GBP,HGNC
1639,ENSG00000084754,HADHA,4801,3030,GBP,HGNC
10929,ENSG00000163286,ALPG,441,251,GCAP,HGNC
645,ENSG00000048545,GUCA1A,4678,2978,GCAP,HGNC
4385,ENSG00000115271,GCA,15990,25801,GCL,HGNC
31671,ENSG00000244234,GMCL2,19717,64396,GCL,HGNC
9024,ENSG00000148154,UGCG,12524,7357,GCS,HGNC
8,ENSG00000001084,GCLC,4311,2729,GCS,HGNC
9092,ENSG00000148672,GLUD1,4335,2746,GDH,HGNC
3699,ENSG00000109814,UGDH,12525,7358,GDH,HGNC
11567,ENSG00000165475,CRYL1,18246,51084,GDH,HGNC
30595,ENSG00000240972,MIF,7097,4282,GIF,HGNC
1730,ENSG00000087250,MT3,7408,4504,GIF,HGNC
8265,ENSG00000142871,CCN1,2654,3491,GIG1,HGNC
3086,ENSG00000105374,NKG7,7830,4818,GIG1,HGNC
22384,ENSG00000220201,ZGLP1,37245,100125288,GLP1,HGNC
4381,ENSG00000115263,GCG,4191,2641,GLP1,HGNC
7586,ENSG00000138095,LRPPRC,15714,10128,GP130,HGNC
6870,ENSG00000134352,IL6ST,6021,3572,GP130,HGNC
4168,ENSG00000113389,NPR3,7945,4883,GUCY2B,HGNC
10367,ENSG00000159899,NPR2,7944,4882,GUCY2B,HGNC
1396,ENSG00000077782,FGFR1,3688,2260,H2,HGNC
3374,ENSG00000107014,RLN2,10027,6019,H2,HGNC
39875,ENSG00000277858,H2AB2,18298,474381,H2A.B.1,HGNC
39857,ENSG00000277745,H2AB3,14455,83740,H2A.B.1,HGNC
23210,ENSG00000223609,HBD,4829,3045,HBK,HGNC
19600,ENSG00000206177,HBM,4826,3042,HBK,HGNC
4460,ENSG00000115677,HDLBP,4857,3069,HBP,HGNC
11153,ENSG00000163950,SLBP,10904,7884,HBP,HGNC
11580,ENSG00000165509,MAGEC3,23798,139081,HCA2,HGNC
15228,ENSG00000182782,HCAR2,24827,338442,HCA2,HGNC
16187,ENSG00000186675,MAGEE2,24935,139599,HCA3,HGNC
34949,ENSG00000255398,HCAR3,16824,8843,HCA3,HGNC
7036,ENSG00000135346,CGA,1885,1081,HCG,HGNC
16740,ENSG00000189052,CGB5,16452,93659,HCG,HGNC
1342,ENSG00000076351,SLC46A1,30521,113235,HCP1,HGNC
25778,ENSG00000229357,CYCSP51,24383,343045,HCP1,HGNC
19397,ENSG00000205268,PDE7A,8791,5150,HCP1,HGNC
5805,ENSG00000126457,PRMT1,5187,3276,HCP1,HGNC
5186,ENSG00000121797,CCRL2,1612,9034,HCR,HGNC
19179,ENSG00000204536,CCHCR1,13930,54535,HCR,HGNC
10299,ENSG00000159267,HLCS,4976,3141,HCS,HGNC
13175,ENSG00000172115,CYCS,19986,54205,HCS,HGNC
11427,ENSG00000164871,SPAG11B,14534,10407,HE2,HGNC
14391,ENSG00000178287,SPAG11A,33342,653423,HE2,HGNC
41884,,ERVK3,3456,,HERV-K,HGNC
41883,,ERVK2,3455,,HERV-K,HGNC
1224,ENSG00000073350,LLGL2,6629,3993,HGL,HGNC
15132,ENSG00000182333,LIPF,6622,8513,HGL,HGNC
17590,ENSG00000198492,YTHDF2,31675,51441,HGRG8,HGNC
38492,ENSG00000270503,YTHDF2P1,19865,400209,HGRG8,HGNC
13158,ENSG00000172016,REG3A,8601,5068,HIP,HGNC
11234,ENSG00000164161,HHIP,14866,64399,HIP,HGNC
10665,ENSG00000162244,RPL29,10331,6159,HIP,HGNC
45477,,VIS1,12696,7435,HIS1,HGNC
5816,ENSG00000126550,HTN1,5283,3346,HIS1,HGNC
2013,ENSG00000095066,HOOK2,19885,29911,HK2,HGNC
1053,ENSG00000068796,KIF2A,6318,3796,HK2,HGNC
4680,ENSG00000117305,HMGCL,5005,3155,HL,HGNC
11710,ENSG00000166035,LIPC,6619,3990,HL,HGNC
13534,ENSG00000173805,HAP1,4812,9001,HLP,HGNC
19106,ENSG00000204351,SKIC2,10898,6499,HLP,HGNC
2010,ENSG00000095002,MSH2,7325,4436,HNPCC,HGNC
1337,ENSG00000076242,MLH1,7127,4292,HNPCC,HGNC
15206,ENSG00000182667,NTM,17941,50863,HNT,HGNC
5567,ENSG00000124782,RREB1,10449,6239,HNT,HGNC
2760,ENSG00000103145,HCFC1R1,21198,54985,HPIP,HGNC
10942,ENSG00000163346,PBXIP1,21199,57326,HPIP,HGNC
3626,ENSG00000109103,UNC119,12565,9094,HRG4,HGNC
12622,ENSG00000169752,NRG4,29862,145957,HRG4,HGNC
6858,ENSG00000134308,YWHAQ,12854,10971,HS1,HGNC
14765,ENSG00000180353,HCLS1,4844,3059,HS1,HGNC
3577,ENSG00000108786,HSD17B1,5210,3292,HSD17,HGNC
1702,ENSG00000086696,HSD17B2,5211,3294,HSD17,HGNC
31546,ENSG00000243896,OR2A7,8234,401427,HSDJ0798C17,HGNC
25601,ENSG00000228960,OR2A9P,8236,441295,HSDJ0798C17,HGNC
5693,ENSG00000125779,PANK2,15894,80025,HSS,HGNC
5918,ENSG00000127554,GFER,4236,2671,HSS,HGNC
211,ENSG00000008294,SPAG9,14524,9043,HSS,HGNC
14969,ENSG00000181523,SGSH,10818,6448,HSS,HGNC
16003,ENSG00000185947,ZNF267,13060,10308,HZF2,HGNC
45584,,ZNF126,12909,,HZF2,HGNC
45583,,ZNF125,12908,,HZF3,HGNC
1887,ENSG00000090612,ZNF268,13061,10795,HZF3,HGNC
17076,ENSG00000196776,CD47,1682,961,IAP,HGNC
10933,ENSG00000163295,ALPI,437,248,IAP,HGNC
21145,ENSG00000213335,CLNS1AP1,2081,1204,ICln,HGNC
1252,ENSG00000074201,CLNS1A,2080,1207,ICln,HGNC
42460,,IGHVOR16@,5712,,IGHV,HGNC
42459,,IGHVOR15@,5711,,IGHV,HGNC
42453,,IGHV4-30-4,5648,28397,IGHV4-3,HGNC
42452,,IGHV4-30-2,5647,28398,IGHV4-3,HGNC
17223,ENSG00000197272,IL27,19157,246778,IL-27,HGNC
13264,ENSG00000172458,IL17D,5984,53342,IL-27,HGNC
5948,ENSG00000127946,HIP1,4913,3092,ILWEQ,HGNC
7383,ENSG00000137076,TLN1,11845,7094,ILWEQ,HGNC
15730,ENSG00000184903,IMMP2L,14598,83943,IMP2,HGNC
10112,ENSG00000157837,SPPL3,30424,121665,IMP2,HGNC
20540,ENSG00000211690,TRGJ1,12277,6968,J1,HGNC
20482,ENSG00000211597,IGKJ1,5719,28950,J1,HGNC
20481,ENSG00000211596,IGKJ2,5720,28949,J2,HGNC
20537,ENSG00000211687,TRGJ2,12278,6969,J2,HGNC
5884,ENSG00000127314,RAP1B,9857,5908,K-REV,HGNC
5607,ENSG00000125249,RAP2A,9861,5911,K-REV,HGNC
16315,ENSG00000187242,KRT12,6414,3859,K12,HGNC
8121,ENSG00000141574,SECTM1,10707,6398,K12,HGNC
7073,ENSG00000135480,KRT7,6445,3855,K7,HGNC
43600,,RBPJP4,13687,58163,K7,HGNC
6652,ENSG00000132854,KANK4,27263,163782,KIAA0172,HGNC
3381,ENSG00000107104,KANK1,19309,23189,KIAA0172,HGNC
907,ENSG00000064999,ANKS1A,20961,23294,KIAA0229,HGNC
5552,ENSG00000124678,TCP11,11658,6954,KIAA0229,HGNC
5909,ENSG00000127511,SIN3B,19354,23309,KIAA0700,HGNC
12541,ENSG00000169375,SIN3A,19353,25942,KIAA0700,HGNC
28082,ENSG00000234420,ZNF37BP,13103,100129482,KOX21,HGNC
1305,ENSG00000075407,ZNF37A,13102,7587,KOX21,HGNC
15249,ENSG00000182871,COL18A1,2195,80781,KS,HGNC
9333,ENSG00000151093,OXSM,26063,54995,KS,HGNC
15900,ENSG00000185565,LSAMP,6705,4045,LAMP,HGNC
1407,ENSG00000078081,LAMP3,14582,27074,LAMP,HGNC
13202,ENSG00000172216,CEBPB,1834,1051,LAP,HGNC
6907,ENSG00000134575,ACP2,123,53,LAP,HGNC
2785,ENSG00000103257,SLC7A5,11063,8140,LAT1,HGNC
21292,ENSG00000213658,LAT,18874,27040,LAT1,HGNC
107,ENSG00000005844,ITGAL,6148,3683,LFA-1,HGNC
10427,ENSG00000160255,ITGB2,6155,3689,LFA-1,HGNC
22085,ENSG00000216740,ANXA2P3,540,305,LIP2,HGNC
15217,ENSG00000182718,ANXA2,537,302,LIP2,HGNC
10808,ENSG00000162836,ACP6,29609,51205,LPAP,HGNC
21176,ENSG00000213402,PTPRCAP,9667,5790,LPAP,HGNC
5365,ENSG00000123384,LRP1,6692,4035,LRP,HGNC
12223,ENSG00000168028,RPSA,6502,3921,LRP,HGNC
330,ENSG00000013364,MVP,7531,9961,LRP,HGNC
6614,ENSG00000132670,PTPRA,9664,5786,LRP,HGNC
400,ENSG00000020426,MNAT1,7181,4331,MAT1,HGNC
28585,ENSG00000235531,MSC-AS1,48724,100132891,MAT1,HGNC
2203,ENSG00000100156,SLC16A8,16270,23539,MCT3,HGNC
8107,ENSG00000141526,SLC16A3,10924,9123,MCT3,HGNC
651,ENSG00000049089,COL9A2,2218,1298,MED,HGNC
3154,ENSG00000105664,COMP,2227,1311,MED,HGNC
32882,ENSG00000250641,LY6G6F-LY6G6D,38821,110599563,MEGT1,HGNC
31714,ENSG00000244355,LY6G6D,13935,58530,MEGT1,HGNC
11914,ENSG00000166840,GLYATL1,30519,92292,MGC15397,HGNC
11134,ENSG00000163900,TMEM41A,30544,90407,MGC15397,HGNC
10286,ENSG00000159214,CCDC24,28688,149473,MGC45441,HGNC
14313,ENSG00000177868,SVBP,29204,374969,MGC45441,HGNC
16825,ENSG00000189409,MMP23B,7171,8510,MIFR,HGNC
22017,ENSG00000215914,MMP23A,7170,8511,MIFR,HGNC
461,ENSG00000027001,MIPEP,7104,4285,MIP,HGNC
1591,ENSG00000083312,TNPO1,6401,3842,MIP,HGNC
7846,ENSG00000139697,SBNO1,22973,55206,MOP3,HGNC
6772,ENSG00000133794,BMAL1,701,406,MOP3,HGNC
3647,ENSG00000109270,LAMTOR3,15606,8649,MP1,HGNC
3471,ENSG00000107959,PITRM1,17663,10531,MP1,HGNC
5898,ENSG00000127415,IDUA,5391,3425,MPS1,HGNC
4092,ENSG00000112742,TTK,12401,7272,MPS1,HGNC
22218,ENSG00000218283,MORF4L1P1,20400,326591,MRG1,HGNC
11323,ENSG00000164442,CITED2,1987,10370,MRG1,HGNC
6819,ENSG00000134138,MEIS2,7001,4212,MRG1,HGNC
14574,ENSG00000179277,MEIS3P1,7002,4213,MRG2,HGNC
3099,ENSG00000105419,MEIS3,29537,56917,MRG2,HGNC
14736,ENSG00000180209,MYL11,29824,29895,MRLC2,HGNC
4824,ENSG00000118680,MYL12B,29827,103910,MRLC2,HGNC
6224,ENSG00000130299,GTPBP3,14880,84705,MSS1,HGNC
10546,ENSG00000161057,PSMC2,9548,5701,MSS1,HGNC
6317,ENSG00000130758,MAP3K10,6849,4294,MST,HGNC
5994,ENSG00000128309,MPST,7223,4357,MST,HGNC
34669,ENSG00000254798,TFAMP2,11638,260340,MTTF1,HGNC
26277,ENSG00000230444,TFAMP1,11636,260341,MTTF1,HGNC
16583,ENSG00000188428,BLOC1S5,18561,63915,MU,HGNC
3324,ENSG00000106588,PSMA2,9531,5683,MU,HGNC
6825,ENSG00000134184,GSTM1,4632,2944,MU,HGNC
9426,ENSG00000151779,NBAS,15625,51594,NAG,HGNC
3575,ENSG00000108784,NAGLU,7632,4669,NAG,HGNC
6424,ENSG00000131400,NAPSA,13395,9476,NAP1,HGNC
10994,ENSG00000163512,AZI2,24002,64343,NAP1,HGNC
680,ENSG00000050438,SLC4A8,11034,9498,NBC3,HGNC
506,ENSG00000033867,SLC4A7,11033,9497,NBC3,HGNC
8937,ENSG00000147403,RPL10,10298,6134,NOV,HGNC
4291,ENSG00000114554,PLXNA1,9099,5361,NOV,HGNC
15185,ENSG00000182575,NXPH3,8077,11248,NPH3,HGNC
4233,ENSG00000113971,NPHP3,7907,27031,NPH3,HGNC
2079,ENSG00000099250,NRP1,8004,8829,NRP,HGNC
16287,ENSG00000187109,NAP1L1,7637,4673,NRP,HGNC
8902,ENSG00000147133,TAF1,11535,6872,NSCL2,HGNC
14249,ENSG00000177551,NHLH2,7818,4808,NSCL2,HGNC
10849,ENSG00000162981,LRATD1,20743,151354,NSE1,HGNC
12493,ENSG00000169189,NSMCE1,29897,197370,NSE1,HGNC
7544,ENSG00000137936,BCAR3,973,8412,NSP2,HGNC
5687,ENSG00000125744,RTN2,10468,6253,NSP2,HGNC
128,ENSG00000006210,CX3CL1,10647,6376,NTN,HGNC
12935,ENSG00000171119,NRTN,8007,4902,NTN,HGNC
9227,ENSG00000149742,SLC22A9,16261,114571,OAT4,HGNC
12232,ENSG00000168065,SLC22A11,18120,55867,OAT4,HGNC
8311,ENSG00000143190,POU2F1,9212,5451,OCT1,HGNC
13751,ENSG00000175003,SLC22A1,10963,6580,OCT1,HGNC
4060,ENSG00000112499,SLC22A2,10966,6582,OCT2,HGNC
470,ENSG00000028277,POU2F2,9213,5452,OCT2,HGNC
8827,ENSG00000146477,SLC22A3,10967,6581,OCT3,HGNC
19177,ENSG00000204531,POU5F1,9221,5460,OCT3,HGNC
4640,ENSG00000116985,BMP8B,1075,656,OP-2,HGNC
15449,ENSG00000183682,BMP8A,21650,353500,OP-2,HGNC
34882,ENSG00000255261,OR7E4P,8424,8585,OR11-11a,HGNC
14217,ENSG00000177400,OR7E8P,8458,346708,OR11-11a,HGNC
7418,ENSG00000137252,HCRTR2,4849,3062,OX2R,HGNC
11031,ENSG00000163606,CD200R1,24235,131450,OX2R,HGNC
4355,ENSG00000115128,SF3B6,30096,51639,P14,HGNC
10916,ENSG00000163220,S100A9,10499,6280,P14,HGNC
11064,ENSG00000163684,RPP14,30327,11102,P14,HGNC
6611,ENSG00000132661,NXT1,15913,29107,P15,HGNC
9004,ENSG00000147883,CDKN2B,1788,1030,P15,HGNC
16130,ENSG00000186448,ZNF197,12988,10168,P18,HGNC
17596,ENSG00000198517,MAFK,6782,7975,P18,HGNC
5562,ENSG00000124762,CDKN1A,1784,1026,P21,HGNC
12405,ENSG00000168824,NSG1,18790,27065,P21,HGNC
3109,ENSG00000105472,CLEC11A,10576,6320,P47,HGNC
4497,ENSG00000115956,PLEK,9070,5341,P47,HGNC
11966,ENSG00000167004,PDIA3,4606,2923,P58,HGNC
2683,ENSG00000102580,DNAJC3,9439,5611,P58,HGNC
8398,ENSG00000143546,S100A8,10498,6279,P8,HGNC
15840,ENSG00000185290,NUPR2,44164,389493,P8,HGNC
1126,ENSG00000070756,PABPC1,8554,26986,PABP1,HGNC
26835,ENSG00000231707,PABPC1P1,8558,26980,PABP1,HGNC
9434,ENSG00000151846,PABPC3,8556,5042,PABP3,HGNC
26388,ENSG00000230673,PABPC1P3,8560,26978,PABP3,HGNC
12789,ENSG00000170476,MZB1,30125,51237,PACAP,HGNC
8083,ENSG00000141433,ADCYAP1,241,116,PACAP,HGNC
9085,ENSG00000148602,LRIT1,23404,26103,PAL,HGNC
8708,ENSG00000145730,PAM,8596,5066,PAL,HGNC
4121,ENSG00000112996,MRPS30,8769,10884,PAP,HGNC
9619,ENSG00000153317,ASAP1,2720,50807,PAP,HGNC
1861,ENSG00000090060,PAPOLA,14981,10914,PAP,HGNC
9078,ENSG00000148498,PARD3,16051,56288,PAR3,HGNC
11257,ENSG00000164220,F2RL2,3539,2151,PAR3,HGNC
43558,,PWAR4,29998,347745,PAR4,HGNC
5916,ENSG00000127533,F2RL3,3540,9002,PAR4,HGNC
224,ENSG00000008710,PKD1,9008,5310,PBP,HGNC
5675,ENSG00000125686,MED1,9234,5469,PBP,HGNC
148,ENSG00000006652,IFRD1,5456,3475,PC4,HGNC
4167,ENSG00000113387,SUB1,19985,10923,PC4,HGNC
4380,ENSG00000115257,PCSK4,8746,54760,PC4,HGNC
13734,ENSG00000174943,KCTD13,22234,253980,PDIP1,HGNC
6276,ENSG00000130589,HELZ2,30021,85441,PDIP1,HGNC
10377,ENSG00000160014,CALM3,1449,808,PHKD,HGNC
8467,ENSG00000143933,CALM2,1445,805,PHKD,HGNC
10414,ENSG00000160209,PDXK,8819,8566,PNK,HGNC
562,ENSG00000039650,PNKP,9154,11284,PNK,HGNC
40008,ENSG00000278570,NR2E3,7974,10002,PNR,HGNC
7089,ENSG00000135569,TAAR5,30236,9038,PNR,HGNC
8916,ENSG00000147202,DIAPH2,2877,1730,POF,HGNC
5509,ENSG00000124429,POF1B,13711,79983,POF,HGNC
5163,ENSG00000121577,POPDC2,17648,64091,POP2,HGNC
34156,ENSG00000253548,PYDC2,33512,152138,POP2,HGNC
6565,ENSG00000132429,POPDC3,17649,64208,POP3,HGNC
41181,ENSG00000289721,PYDC5,53781,107181291,POP3,HGNC
17092,ENSG00000196834,POTEI,37093,653269,POTE2beta,HGNC
22695,ENSG00000222038,POTEJ,37094,653781,POTE2beta,HGNC
3194,ENSG00000105825,TFPI2,11761,7980,PP5,HGNC
302,ENSG00000011485,PPP5C,9322,5536,PP5,HGNC
8217,ENSG00000142515,KLK3,6364,354,PSA,HGNC
8058,ENSG00000141279,NPEPPS,7900,9520,PSA,HGNC
6985,ENSG00000135069,PSAT1,19129,29968,PSA,HGNC
19077,ENSG00000204267,TAP2,44,6891,PSF2,HGNC
6394,ENSG00000131153,GINS2,24575,51659,PSF2,HGNC
4410,ENSG00000115386,REG1A,9951,5967,PSP,HGNC
5668,ENSG00000125650,PSPN,9579,5623,PSP,HGNC
3483,ENSG00000108091,CCDC6,18782,8030,PTC,HGNC
11638,ENSG00000165731,RET,9967,5979,PTC,HGNC
39248,ENSG00000274391,TPTE,12023,7179,PTEN2,HGNC
29689,ENSG00000237984,PTENP1,9589,11191,PTEN2,HGNC
9486,ENSG00000152266,PTH,9606,5741,PTH1,HGNC
16267,ENSG00000187024,PTRH1,27039,138428,PTH1,HGNC
6622,ENSG00000132693,CRP,2367,1401,PTX1,HGNC
1748,ENSG00000087502,ERGIC2,30208,51290,PTX1,HGNC
1062,ENSG00000069011,PITX1,9004,5307,PTX1,HGNC
9954,ENSG00000156467,UQCRB,12582,7381,QP-C,HGNC
11314,ENSG00000164405,UQCRQ,29594,27089,QP-C,HGNC
13866,ENSG00000175595,ERCC4,3436,2072,RAD1,HGNC
12550,ENSG00000169413,RNASE6,10048,6039,RAD1,HGNC
42588,,LINC00914,48604,,RAGE,HGNC
19091,ENSG00000204305,AGER,320,177,RAGE,HGNC
423,ENSG00000023191,RNH1,10074,6050,RAI,HGNC
2982,ENSG00000104881,PPP1R13L,18838,10848,RAI,HGNC
8381,ENSG00000143476,DTL,30288,51514,RAMP,HGNC
5176,ENSG00000121741,ZMYM2,12989,7750,RAMP,HGNC
9137,ENSG00000149090,PAMR1,24554,25891,RAMP,HGNC
2869,ENSG00000104093,DMXL2,2938,23312,RC3,HGNC
9699,ENSG00000154146,NRGN,8000,4900,RC3,HGNC
41783,,DYX1,3108,,RD,HGNC
19108,ENSG00000204356,NELFE,13974,7936,RD,HGNC
4133,ENSG00000113141,IK,5958,3550,RED,HGNC
8382,ENSG00000143479,DYRK3,3094,8444,RED,HGNC
5202,ENSG00000121931,LRIF1,30299,55791,RIF1,HGNC
5007,ENSG00000120210,INSL6,6089,11172,RIF1,HGNC
7427,ENSG00000137275,RIPK1,10019,8737,RIP,HGNC
13528,ENSG00000173744,AGFG1,5175,3267,RIP,HGNC
32651,ENSG00000249992,TMEM158,30293,25907,RIS1,HGNC
12455,ENSG00000169021,UQCRFS1,12587,7386,RIS1,HGNC
13078,ENSG00000171720,HDAC3,4854,8841,RPD3,HGNC
8891,ENSG00000147099,HDAC8,13315,55869,RPD3,HGNC
17023,ENSG00000196591,HDAC2,4853,3066,RPD3,HGNC
8765,ENSG00000146049,KAAG1,21031,353219,RU2,HGNC
8762,ENSG00000146038,DCDC2,18141,51473,RU2,HGNC
6043,ENSG00000128656,CHN1,1943,1123,RhoGAP2,HGNC
6057,ENSG00000128805,ARHGAP22,30320,58504,RhoGAP2,HGNC
7024,ENSG00000135312,HTR1B,5287,3351,S12,HGNC
2743,ENSG00000103035,PSMD7,9565,5713,S12,HGNC
4035,ENSG00000112306,RPS12,10385,6206,S12,HGNC
12875,ENSG00000170889,RPS9,10442,6203,S9,HGNC
3563,ENSG00000108671,PSMD11,9556,5717,S9,HGNC
13076,ENSG00000171711,DEFB4A,2767,1673,SAP1,HGNC
10219,ENSG00000158711,ELK4,3326,2005,SAP1,HGNC
3692,ENSG00000109762,SNX25,21883,83891,SBBI31,HGNC
891,ENSG00000064652,SNX24,21533,28966,SBBI31,HGNC
10675,ENSG00000162367,TAL1,11556,6886,SCL,HGNC
6548,ENSG00000132330,SCLY,18161,51540,SCL,HGNC
5376,ENSG00000123453,SARDH,10536,1757,SDH,HGNC
6992,ENSG00000135094,SDS,10691,10993,SDH,HGNC
8230,ENSG00000142606,MMEL1,14668,79258,SEP,HGNC
11183,ENSG00000164050,PLXNB1,9103,5364,SEP,HGNC
274,ENSG00000011007,ELOA,11620,6924,SIII,HGNC
9750,ENSG00000154582,ELOC,11617,6921,SIII,HGNC
2804,ENSG00000103363,ELOB,11619,6923,SIII,HGNC
30053,ENSG00000239306,RBM14,14219,10432,SIP,HGNC
4530,ENSG00000116161,CACYBP,30423,27101,SIP,HGNC
6555,ENSG00000132376,INPP5K,33882,51763,SKIP,HGNC
9653,ENSG00000153820,SPHKAP,30619,80309,SKIP,HGNC
1329,ENSG00000075945,KIFAP3,17060,22920,SMAP,HGNC
3790,ENSG00000110696,C11orf58,16990,10944,SMAP,HGNC
4118,ENSG00000112983,BRD8,19874,10902,SMAP,HGNC
4733,ENSG00000117632,STMN1,6510,3925,SMN,HGNC
6054,ENSG00000128739,SNRPN,11164,6638,SMN,HGNC
44672,,SRML2,11297,,SPS2,HGNC
14680,ENSG00000179918,SEPHS2,19686,22928,SPS2,HGNC
25105,ENSG00000227689,SRP68P2,30426,252840,SRPSMCR,HGNC
29651,ENSG00000237911,SRP68P3,30428,347717,SRPSMCR,HGNC
2628,ENSG00000102119,EMD,3331,2010,STA,HGNC
42187,,GCY,4211,,STA,HGNC
3737,ENSG00000110080,ST3GAL4,10864,6484,STZ,HGNC
44456,,SIAT5,10865,,STZ,HGNC
9420,ENSG00000151729,SLC25A4,10990,291,T1,HGNC
3774,ENSG00000110448,CD5,1685,921,T1,HGNC
10662,ENSG00000162231,NXF1,8071,10482,TAP,HGNC
7189,ENSG00000136068,FLNB,3755,2317,TAP,HGNC
7711,ENSG00000138768,USO1,30904,8615,TAP,HGNC
2154,ENSG00000100003,SEC14L2,10699,23541,TAP,HGNC
4051,ENSG00000112394,SLC16A10,17027,117247,TAT1,HGNC
3985,ENSG00000112053,SLC26A8,14468,116369,TAT1,HGNC
20615,ENSG00000211806,TRAV25,12122,28658,TCRAV25S1,HGNC
20622,ENSG00000211814,TRAV35,12134,28647,TCRAV25S1,HGNC
20627,ENSG00000211819,TRAV40,12141,28641,TCRAV31S1,HGNC
32337,ENSG00000249048,TRAV31,12130,28651,TCRAV31S1,HGNC
39492,ENSG00000275743,TRBV14,12189,28573,TCRBV14S1,HGNC
20574,ENSG00000211752,TRBV27,12208,28560,TCRBV14S1,HGNC
7919,ENSG00000140307,GTF2A2,4647,2958,TFIIA,HGNC
11557,ENSG00000165417,GTF2A1,4646,2957,TFIIA,HGNC
16561,ENSG00000188342,GTF2F2,4653,2963,TFIIF,HGNC
33084,ENSG00000251254,GTF2F2P1,4654,2964,TFIIF,HGNC
5669,ENSG00000125651,GTF2F1,4652,2962,TFIIF,HGNC
2546,ENSG00000101557,USP14,12612,9097,TGT,HGNC
21148,ENSG00000213339,QTRT1,23797,81890,TGT,HGNC
8221,ENSG00000142538,PTH2,30828,113091,TIP39,HGNC
2189,ENSG00000100109,TFIP11,17165,24144,TIP39,HGNC
578,ENSG00000041982,TNC,5318,3371,TN,HGNC
11108,ENSG00000163815,CLEC3B,11891,7123,TN,HGNC
15638,ENSG00000184470,TXNRD2,18155,10587,TR,HGNC
38408,ENSG00000270141,TERC,11727,7012,TR,HGNC
14910,ENSG00000181104,F2R,3537,2149,TR,HGNC
999,ENSG00000067167,TRAM1,20568,23471,TRAM,HGNC
31380,ENSG00000243414,TICAM2,21354,353376,TRAM,HGNC
17564,ENSG00000198400,NTRK1,8031,4914,TRK,HGNC
8399,ENSG00000143549,TPM3,12012,7170,TRK,HGNC
264,ENSG00000010438,PRSS3,9486,5646,TRY3,HGNC
39736,ENSG00000277083,PRSS3P3,43790,136540,TRY3,HGNC
29255,ENSG00000237048,TTTY12,18493,83867,TTY11,HGNC
14867,ENSG00000180910,TTTY11,18492,83866,TTY11,HGNC
29977,ENSG00000239039,SNORD13,32711,692084,U13,HGNC
29995,ENSG00000239128,SNORD13P3,10112,6078,U13,HGNC
44577,,SNORD13P2,10111,6077,U13,HGNC
29875,ENSG00000238498,SNORD13P1,10110,6076,U13,HGNC
39737,ENSG00000277084,RNU2-4P,10154,26853,U2,HGNC
22836,ENSG00000222465,RNU2-5P,10155,26852,U2,HGNC
22781,ENSG00000222328,RNU2-2P,10152,26855,U2,HGNC
22706,ENSG00000222076,RNU2-3P,10153,26854,U2,HGNC
39280,ENSG00000274585,RNU2-1,10142,6066,U2,HGNC
36974,ENSG00000263934,SNORD3A,33189,780851,U3,HGNC
44620,,SNORD3P4,10178,26842,U3,HGNC
44619,,SNORD3P3,10177,26843,U3,HGNC
44616,,SNORD3F,52239,109616983,U3,HGNC
44615,,SNORD3@,32739,,U3,HGNC
18190,ENSG00000200318,SNORD3P1,10175,6068,U3,HGNC
43872,,RNU3,10156,,U3,HGNC
43878,,RNU3B4,10174,,U3,HGNC
37355,ENSG00000265185,SNORD3B-1,10168,26851,U3a,HGNC
43874,,RNU3A3,10170,,U3a,HGNC
43875,,RNU3B1,10171,,U3b1,HGNC
43876,,RNU3B2,10172,,U3b1,HGNC
22915,ENSG00000222736,RNU4-6P,10199,26838,U4,HGNC
43880,,RNU4-3P,10196,26841,U4,HGNC
38890,ENSG00000272160,RNU4-5P,10198,26839,U4,HGNC
18540,ENSG00000201458,RNU4-4P,10197,26840,U4,HGNC
18595,ENSG00000201628,RNU4-7P,10194,6069,U4,HGNC
18655,ENSG00000201806,RNU4-8P,10195,6070,U4,HGNC
17881,ENSG00000199226,RNU6-50P,10229,26825,U6,HGNC
19669,ENSG00000206625,RNU6-1,10227,26827,U6,HGNC
28472,ENSG00000235284,SNORD62A,10219,26786,U62,HGNC
26790,ENSG00000231587,SNORD62B,23031,692093,U62,HGNC
4860,ENSG00000119048,UBE2B,12473,7320,UBC2,HGNC
1395,ENSG00000077721,UBE2A,12472,7319,UBC2,HGNC
6559,ENSG00000132388,UBE2G1,12482,7326,UBC7,HGNC
15706,ENSG00000184787,UBE2G2,12483,7327,UBC7,HGNC
41794,,EBR3,3136,,ULG4,HGNC
42353,,HOAC,5049,,ULG4,HGNC
16713,ENSG00000188958,UTS2B,30894,257313,URP,HGNC
4418,ENSG00000115446,UNC50,16046,25972,URP,HGNC
25489,ENSG00000228668,TRGV5P,12291,6979,V1S5P,HGNC
24417,ENSG00000226212,TRGV6,12292,6980,V1S5P,HGNC
4513,ENSG00000116039,ATP6V1B1,853,525,VATB,HGNC
8939,ENSG00000147416,ATP6V1B2,854,526,VATB,HGNC
4909,ENSG00000119596,YLPM1,17798,56252,ZAP,HGNC
3215,ENSG00000105939,ZC3HAV1,23721,56829,ZAP,HGNC
31341,ENSG00000243289,AGAP13P,23499,728005,bA548K23.1,HGNC
18983,ENSG00000203942,C10orf62,23294,414157,bA548K23.1,HGNC
26837,ENSG00000231712,H3P5,43798,115482712,p12,HGNC
13841,ENSG00000175482,POLD4,14106,57804,p12,HGNC
4401,ENSG00000115350,POLE4,18755,56655,p12,HGNC
1693,ENSG00000086504,MRPL28,14484,10573,p15,HGNC
24989,ENSG00000227430,H3P9,43801,115482684,p15,HGNC
29644,ENSG00000237888,RPL29P31,35944,284064,p17,HGNC
26105,ENSG00000230111,H3P11,43803,115482708,p17,HGNC
13269,ENSG00000172465,TCEAL1,11616,9338,p21,HGNC
14419,ENSG00000178458,H3P16,42982,644914,p21,HGNC
32060,ENSG00000248205,H3P17,54451,115482694,p23,HGNC
3827,ENSG00000110958,PTGES3,16049,10728,p23,HGNC
9570,ENSG00000152954,NRSN1,17881,140767,p24,HGNC
38714,ENSG00000271296,H3P19,54453,115482709,p24,HGNC
13472,ENSG00000173465,ZNRD2,11328,10534,p27,HGNC
32894,ENSG00000250705,H3P23,54457,115482696,p27,HGNC
3804,ENSG00000110801,PSMD9,9567,5715,p27,HGNC
33036,ENSG00000251118,H3P24,54458,115482697,p28,HGNC
2571,ENSG00000101843,PSMD10,9555,5716,p28,HGNC
3280,ENSG00000106305,AIMP2,20609,7965,p38,HGNC
2343,ENSG00000100591,AHSA1,1189,10598,p38,HGNC
22395,ENSG00000220347,H3P28,54461,115482699,p40,HGNC
4407,ENSG00000115365,LANCL1,6508,10314,p40,HGNC
2325,ENSG00000100519,PSMC6,9553,5706,p42,HGNC
9941,ENSG00000156345,CDK20,21420,23552,p42,HGNC
25000,ENSG00000227443,H3P30,54463,115482700,p42,HGNC
2422,ENSG00000101017,CD40,11919,958,p50,HGNC
35673,ENSG00000258570,H3P40,54470,115482723,p50,HGNC
1222,ENSG00000073282,TP63,15979,8626,p51,HGNC
37469,ENSG00000265541,H3P41,42979,100420410,p51,HGNC
38800,ENSG00000271626,H3P42,54471,115482704,p52,HGNC
11465,ENSG00000164985,PSIP1,9527,11168,p52,HGNC
24529,ENSG00000226436,H3P43,54472,100506811,p54,HGNC
4607,ENSG00000116754,SRSF11,10782,9295,p54,HGNC
17195,ENSG00000197170,PSMD12,9557,5718,p55,HGNC
24741,ENSG00000226881,H3P44,42981,347376,p55,HGNC
4700,ENSG00000117461,PIK3R3,8981,8503,p55,HGNC
1314,ENSG00000075618,FSCN1,11148,6624,p55,HGNC
5330,ENSG00000123106,CCDC91,24855,55297,p56,HGNC
24891,ENSG00000227211,H3P45,54473,115482705,p56,HGNC
10537,ENSG00000161011,SQSTM1,11280,8878,p62,HGNC
20999,ENSG00000213024,NUP62,8066,23636,p62,HGNC
28269,ENSG00000234816,H2AC5P,4728,10341,pH2A/f,HGNC
17080,ENSG00000196787,H2AC11,4737,8969,pH2A/f,HGNC
39337,ENSG00000274962,TEX28P1,33356,728447,pTEX,HGNC
39717,ENSG00000277008,TEX28P2,33357,653363,pTEX,HGNC
