,ENSG_ID,gene_symbol,alias_symbol,HGNC_ID,NCBI_ID,intersect_point,source
96,ENSG00000210196,MT-TP,MTTP,7494,0,MTTP,ENSG
327,ENSG00000274847,MAFIP,MIP,31102,727764,MIP,ENSG
1154,ENSG00000291389,RNU1-1,U1,10120,26871,U1,ENSG
1352,ENSG00000291434,KRTAP5-2,KRTAP5-8,23597,440021,KRTAP5-8,ENSG
1354,ENSG00000291435,KRTAP5-3,KRTAP5-9,23598,387266,KRTAP5-9,ENSG
1357,ENSG00000291443,KRTAP5-5,KRTAP5-11,23601,439915,KRTAP5-11,ENSG
2472,ENSG00000280680,HHAT,SKI,18270,55733,SKI,ENSG
2512,ENSG00000281022,MED22,MED24,11477,6837,MED24,ENSG
2713,ENSG00000159259,CHAF1B,MPP7,1911,8208,MPP7,ENSG
2792,ENSG00000027001,MIPEP,MIP,7104,4285,MIP,ENSG
2919,ENSG00000291479,NAT8,GLA,18069,9027,GLA,ENSG
3032,ENSG00000236972,FABP5P1,FABP5,31059,0,FABP5,ENSG
4064,ENSG00000102554,KLF5,CKLF,6349,688,CKLF,ENSG
4352,ENSG00000160208,RRP1B,RRP1,23818,23076,RRP1,ENSG
4608,ENSG00000240122,FABP5P11,FABP5P1,19328,0,FABP5P1,ENSG
4693,ENSG00000285248,IPO4,IMP4,19426,79711,IMP4,ENSG
4983,ENSG00000173638,SLC19A1,RFC1,10937,6573,RFC1,ENSG
5057,ENSG00000171873,ADRA1D,ADRA1A,280,146,ADRA1A,ENSG
5121,ENSG00000089012,SIRPG,SIRPB2,15757,55423,SIRPB2,ENSG
5354,ENSG00000159212,CLIC6,CLIC5,2065,54102,CLIC5,ENSG
5388,ENSG00000285203,LTB4R2,NOP9,19260,56413,NOP9,ENSG
5547,ENSG00000101542,CDH20,CDH7,1760,28316,CDH7,ENSG
5553,ENSG00000125870,SNRPB2,MSL1,11155,6629,MSL1,ENSG
5691,ENSG00000071991,CDH19,CDH7,1758,28513,CDH7,ENSG
5709,ENSG00000235647,MTFR2P2,MTFR2P1,54774,0,MTFR2P1,ENSG
5854,ENSG00000288399,KCTD11,REN,21302,147040,REN,ENSG
5863,ENSG00000182093,GET1,CHD5,12790,7485,CHD5,ENSG
5958,ENSG00000089057,SLC23A2,SLC23A1,10973,9962,SLC23A1,ENSG
6553,ENSG00000102683,SGCG,SCG3,10809,6445,SCG3,ENSG
6582,ENSG00000100300,TSPO,DBI,1158,706,DBI,ENSG
6726,ENSG00000160185,UBASH3A,CLIP4,12462,53347,CLIP4,ENSG
6894,ENSG00000102572,STK24,STK3,11403,8428,STK3,ENSG
7117,ENSG00000285086,WDR82P1,WDR82,32447,0,WDR82,ENSG
7127,ENSG00000124151,NCOA3,RAC3,7670,8202,RAC3,ENSG
7286,ENSG00000149970,CNKSR2,KSR2,19701,22866,KSR2,ENSG
7303,ENSG00000075643,MOCOS,MOS,18234,55034,MOS,ENSG
8142,ENSG00000101182,PSMA7,C6,9536,5688,C6,ENSG
8703,ENSG00000124225,PMEPA1,STAG1,14107,56937,STAG1,ENSG
8725,ENSG00000092964,DPYSL2,DRP2,3014,1808,DRP2,ENSG
9016,ENSG00000118903,BTF3P11,TNFRSF11B,1126,0,TNFRSF11B,ENSG
9068,ENSG00000109606,DHX15,HRH2,2738,1665,HRH2,ENSG
9092,ENSG00000169906,S100G,CABP1,1436,795,CABP1,ENSG
9229,ENSG00000180008,SOCS4,SOCS7,19392,122809,SOCS7,ENSG
9261,ENSG00000172458,IL17D,IL27,5984,53342,IL27,ENSG
9442,ENSG00000169744,LDB2,LDB1,6533,9079,LDB1,ENSG
9484,ENSG00000166200,COPS2,CSN2,30747,9318,CSN2,ENSG
9493,ENSG00000119681,LTBP2,LTBP3,6715,4053,LTBP3,ENSG
9505,ENSG00000075275,CELSR1,ME2,1850,9620,ME2,ENSG
9734,ENSG00000137776,SLTM,MET,20709,79811,MET,ENSG
9830,ENSG00000155313,USP25,USP21,12624,29761,USP21,ENSG
10153,ENSG00000196074,SYCP2,SCP2,11490,10388,SCP2,ENSG
10391,ENSG00000157483,MYO1E,MYO1C,7599,4643,MYO1C,ENSG
10513,ENSG00000230997,RAB42P1,RAB42,19799,0,RAB42,ENSG
10676,ENSG00000142185,TRPM2,TRPC7,12339,7226,TRPC7,ENSG
10833,ENSG00000080839,RBL1,PRB1,9893,5933,PRB1,ENSG
10877,ENSG00000284792,PTEN,TEP1,9588,5728,TEP1,ENSG
11053,ENSG00000227877,MRLN,MLN,48649,100507027,MLN,ENSG
11066,ENSG00000291599,RNU4-8P,U4,10195,124900516,U4,ENSG
11581,ENSG00000145244,CORIN,LRP4,19012,10699,LRP4,ENSG
11780,ENSG00000291652,PCDHA4,CNR1,8670,56144,CNR1,ENSG
11789,ENSG00000291654,PCDHA6,CNR2,8672,56142,CNR2,ENSG
11887,ENSG00000291684,PCDHB16,ME1,14546,57717,ME1,ENSG
11903,ENSG00000291690,PCDHB11,ME2,8682,56125,ME2,ENSG
12088,ENSG00000005810,MYCBP2,PAM,23386,23077,PAM,ENSG
12244,ENSG00000130037,KCNA5,HK2,6224,3741,HK2,ENSG
13248,ENSG00000132823,OSER1,OSR1,16105,51526,OSR1,ENSG
13446,ENSG00000226081,USP12PX,USP12P2,21410,0,USP12P2,ENSG
13466,ENSG00000291781,TTC5,STRAP,19274,91875,STRAP,ENSG
13501,ENSG00000125821,DTD1,HARS2,16219,92675,HARS2,ENSG
13559,ENSG00000291796,APEX1,HAP1,587,328,HAP1,ENSG
13596,ENSG00000291813,RNASE10,RNASE9,19275,338879,RNASE9,ENSG
13677,ENSG00000182771,GRID1,GLUD1,4575,2894,GLUD1,ENSG
13845,ENSG00000122550,KLHL7,KLHL6,15646,55975,KLHL6,ENSG
13880,ENSG00000215174,NLRP2B,POP4,29887,286430,POP4,ENSG
13935,ENSG00000102606,ARHGEF7,PAK3,15607,8874,PAK3,ENSG
14332,ENSG00000136231,IGF2BP3,IMP3,28868,10643,IMP3,ENSG
14510,ENSG00000170677,SOCS6,SOCS4,16833,9306,SOCS4,ENSG
14662,ENSG00000110328,GALNT18,GALNT15,30488,374378,GALNT15,ENSG
15283,ENSG00000160221,GATD3,HES1,1273,8209,HES1,ENSG
15293,ENSG00000046774,MAGEC2,MAGEE1,13574,51438,MAGEE1,ENSG
15466,ENSG00000198824,CHAMP1,CAMP,20311,283489,CAMP,ENSG
15522,ENSG00000215483,LINC00598,TTL,42770,400123,TTL,ENSG
15612,ENSG00000283018,MRPS12,RPS12,10380,6183,RPS12,ENSG
15909,ENSG00000147586,MRPS28,MRPS35,14513,28957,MRPS35,ENSG
16004,ENSG00000182712,CMC4,MTCP1,35428,100272147,MTCP1,ENSG
16048,ENSG00000134762,DSC3,DSC1,3037,1825,DSC1,ENSG
16049,ENSG00000134762,DSC3,DSC2,3037,1825,DSC2,ENSG
16060,ENSG00000179277,MEIS3P1,MEIS3,7002,0,MEIS3,ENSG
17505,ENSG00000153339,TRAPPC8,GSG1,29169,22878,GSG1,ENSG
17538,ENSG00000156958,GALK2,GK2,4119,2585,GK2,ENSG
17800,ENSG00000074842,MYDGF,IL25,16948,56005,IL25,ENSG
17801,ENSG00000074842,MYDGF,IL27,16948,56005,IL27,ENSG
17837,ENSG00000139174,PRICKLE1,RILP,17019,144165,RILP,ENSG
18345,ENSG00000253299,UFM1P3,UFM1P1,55148,0,UFM1P1,ENSG
18421,ENSG00000166426,CRABP1,RBP5,2338,1381,RBP5,ENSG
18443,ENSG00000282712,DEAF1,SPN,14677,10522,SPN,ENSG
18527,ENSG00000285032,MTMR9,MTMR8,14596,66036,MTMR8,ENSG
18549,ENSG00000183960,KCNH8,ELK3,18864,131096,ELK3,ENSG
18574,ENSG00000206596,RNU1-27P,RNU1-7P,37497,124904613,RNU1-7P,ENSG
18605,ENSG00000206588,RNU1-28P,RNU1-8P,37498,124904613,RNU1-8P,ENSG
18679,ENSG00000114353,GNAI2,GIP,4385,2771,GIP,ENSG
18901,ENSG00000101412,E2F1,RBP3,3113,1869,RBP3,ENSG
19094,ENSG00000288673,DLC1,HP,2897,10395,HP,ENSG
19130,ENSG00000242372,EIF6,EIF3A,6159,3692,EIF3A,ENSG
19151,ENSG00000285136,DEFA6,DEF6,2765,1671,DEF6,ENSG
19161,ENSG00000103089,FA2H,FAAH,21197,79152,FAAH,ENSG
19318,ENSG00000100003,SEC14L2,TAP1,10699,23541,TAP1,ENSG
19351,ENSG00000199226,RNU6-50P,U6,10229,124900488,U6,ENSG
19767,ENSG00000285023,CHORDC1,CHP1,14525,26973,CHP1,ENSG
19872,ENSG00000102265,TIMP1,EPO,11820,7076,EPO,ENSG
19911,ENSG00000100012,SEC14L3,TAP2,18655,266629,TAP2,ENSG
20071,ENSG00000134758,RNF138,NARF,17765,51444,NARF,ENSG
20220,ENSG00000111371,SLC38A1,NAT2,13447,81539,NAT2,ENSG
20221,ENSG00000111371,SLC38A1,SAT1,13447,81539,SAT1,ENSG
20460,ENSG00000172939,OXSR1,OSR1,8508,9943,OSR1,ENSG
20523,ENSG00000171867,PRNP,GSS,9449,5621,GSS,ENSG
20781,ENSG00000112276,BVES,POP1,1152,11149,POP1,ENSG
21109,ENSG00000134294,SLC38A2,SAT2,13448,54407,SAT2,ENSG
21317,ENSG00000105141,CASP14,MICE,1502,23581,MICE,ENSG
21617,ENSG00000276238,NANOGP7,NANOGP3,23105,0,NANOGP3,ENSG
21952,ENSG00000100075,SLC25A1,CIC,10979,6576,CIC,ENSG
21958,ENSG00000160213,CSTB,CST6,2482,1476,CST6,ENSG
22060,ENSG00000103942,HOMER2,CPD,17513,9455,CPD,ENSG
22110,ENSG00000172172,MRPL13,RPL13,14278,28998,RPL13,ENSG
22149,ENSG00000163618,CADPS,CAPS,1426,8618,CAPS,ENSG
22294,ENSG00000161395,PGAP3,PER1,23719,93210,PER1,ENSG
22543,ENSG00000102743,SLC25A15,ORC1,10985,10166,ORC1,ENSG
22582,ENSG00000214078,CPNE1,CPN1,2314,8904,CPN1,ENSG
22681,ENSG00000102794,ACOD1,CAD,33904,730249,CAD,ENSG
22734,ENSG00000276234,TADA2A,ADA2,11531,6871,ADA2,ENSG
22750,ENSG00000069667,RORA,ROR1,10258,6095,ROR1,ENSG
22751,ENSG00000069667,RORA,ROR2,10258,6095,ROR2,ENSG
23100,ENSG00000175215,CTDSP2,SCP2,17077,10106,SCP2,ENSG
23225,ENSG00000183153,GJD3,GJC1,19147,125111,GJC1,ENSG
23416,ENSG00000108576,SLC6A4,HTT,11050,6532,HTT,ENSG
23560,ENSG00000166013,TRIM53BP,TRIM80P,37144,0,TRIM80P,ENSG
23582,ENSG00000124177,CHD6,CHD5,19057,84181,CHD5,ENSG
23806,ENSG00000184517,ZFP1,ZNF475,23328,162239,ZNF475,ENSG
23832,ENSG00000119630,PGF,PIGF,8893,5228,PIGF,ENSG
23881,ENSG00000106384,MOGAT3,MGAT3,23249,346606,MGAT3,ENSG
23927,ENSG00000274821,SERPINA2,ATR,8985,390502,ATR,ENSG
23971,ENSG00000100033,PRODH,PRODH2,9453,5625,PRODH2,ENSG
24073,ENSG00000060656,PTPRU,PTPRO,9683,10076,PTPRO,ENSG
24545,ENSG00000270858,VDAC1P5,VDAC3,12676,0,VDAC3,ENSG
24592,ENSG00000262243,CES1,CES2,1863,1066,CES2,ENSG
24767,ENSG00000127564,PKMYT1,MYT1,29650,9088,MYT1,ENSG
25488,ENSG00000265681,RPL17,RPL23,10307,6139,RPL23,ENSG
25505,ENSG00000101191,DIDO1,DIO1,2680,11083,DIO1,ENSG
25910,ENSG00000182154,MRPL41,MRPL27,14492,64975,MRPL27,ENSG
25935,ENSG00000276333,HS3ST6,HS3ST5,14178,64711,HS3ST5,ENSG
25959,ENSG00000115944,COX7A2L,SCAF1,2289,9167,SCAF1,ENSG
26067,ENSG00000153233,PTPRR,PTPRQ,9680,5801,PTPRQ,ENSG
26298,ENSG00000159202,UBE2Z,USE1,25847,65264,USE1,ENSG
26326,ENSG00000282750,TBC1D3B,TBC1D3I,27011,414059,TBC1D3I,ENSG
26349,ENSG00000101986,ABCD1,AMN,61,215,AMN,ENSG
26356,ENSG00000173156,RHOD,RHO,670,29984,RHO,ENSG
26537,ENSG00000112406,HECA,HDC,21041,51696,HDC,ENSG
26708,ENSG00000200318,SNORD3P1,U3,10175,0,U3,ENSG
26723,ENSG00000206625,RNU6-1,U6,10227,26827,U6,ENSG
26767,ENSG00000222076,RNU2-3P,U2,10153,0,U2,ENSG
26871,ENSG00000212380,SNORD115-45,SNORD115-48,33064,0,SNORD115-48,ENSG
26929,ENSG00000116544,DLGAP3,DAP3,30368,58512,DAP3,ENSG
27502,ENSG00000169413,RNASE6,RAD1,10048,6039,RAD1,ENSG
27516,ENSG00000129538,RNASE1,RAC1,10044,6035,RAC1,ENSG
27591,ENSG00000140396,NCOA2,GRIP1,7669,10499,GRIP1,ENSG
27640,ENSG00000165799,RNASE7,RAE1,19278,84659,RAE1,ENSG
27746,ENSG00000153721,CNKSR3,MAGI1,23034,154043,MAGI1,ENSG
27851,ENSG00000198125,MB,PVALB,6915,4151,PVALB,ENSG
28067,ENSG00000114125,RNF7,SAG,10070,9616,SAG,ENSG
28083,ENSG00000275867,KANSL1,NSL1,24565,284058,NSL1,ENSG
28103,ENSG00000179142,CYP11B2,CPN2,2592,1585,CPN2,ENSG
28185,ENSG00000126233,SLURP1,ARSB,18746,57152,ARSB,ENSG
28200,ENSG00000155897,ADCY8,ADCY3,239,114,ADCY3,ENSG
28231,ENSG00000116016,EPAS1,HLF,3374,2034,HLF,ENSG
28282,ENSG00000180155,LYNX1,SLURP2,29604,66004,SLURP2,ENSG
28831,ENSG00000272160,RNU4-5P,U4,10198,0,U4,ENSG
28889,ENSG00000112769,LAMA4,LAMA3,6484,3910,LAMA3,ENSG
29303,ENSG00000277033,B3GNTL1,B3GNT8,21727,146712,B3GNT8,ENSG
29426,ENSG00000176248,ANAPC2,APC2,19989,29882,APC2,ENSG
29468,ENSG00000152284,TCF7L1,TCF3,11640,83439,TCF3,ENSG
29679,ENSG00000160505,NLRP4,PAN2,22943,147945,PAN2,ENSG
29843,ENSG00000167780,SOAT2,ACAT2,11178,8435,ACAT2,ENSG
29863,ENSG00000255974,CYP2A6,CPA6,2610,1548,CPA6,ENSG
29866,ENSG00000244171,PBX2P1,PBX2,8635,0,PBX2,ENSG
29969,ENSG00000052344,PRSS8,CAP1,9491,5652,CAP1,ENSG
30173,ENSG00000115353,TACR1,SPR,11526,6869,SPR,ENSG
30213,ENSG00000105220,GPI,NLK,4458,2821,NLK,ENSG
30267,ENSG00000254880,PKNOX2-DT,PKNOX2-AS1,50690,103695364,PKNOX2-AS1,ENSG
30374,ENSG00000173548,SNX33,SNX30,28468,257364,SNX30,ENSG
30440,ENSG00000290627,AGAP12P,PTPN20CP,,414224,PTPN20CP,ENSG
30526,ENSG00000112029,FBXO5,FBXO31,13584,26271,FBXO31,ENSG
30566,ENSG00000132669,RIN2,RASSF4,18750,54453,RASSF4,ENSG
30829,ENSG00000205643,CDPF1,CDKN1A,33710,150383,CDKN1A,ENSG
30980,ENSG00000284571,FLII,FLI1,3750,2314,FLI1,ENSG
31146,ENSG00000275528,CCL15,SCYL3,10613,6359,SCYL3,ENSG
31272,ENSG00000242247,ARFGAP3,ARFGAP1,661,26286,ARFGAP1,ENSG
31299,ENSG00000187122,SLIT1,SLIT3,11085,6585,SLIT3,ENSG
31419,ENSG00000162433,AK4,AK3,363,205,AK3,ENSG
31862,ENSG00000169682,SPNS1,LAT,30621,83985,LAT,ENSG
31866,ENSG00000169682,SPNS1,SPIN1,30621,83985,SPIN1,ENSG
31912,ENSG00000160882,CYP11B1,CPN1,2591,1584,CPN1,ENSG
32299,ENSG00000131233,GJA9,GJA10,19155,81025,GJA10,ENSG
32334,ENSG00000183668,PSG9,PSG11,9526,5678,PSG11,ENSG
32950,ENSG00000230202,RPL29P4,RPL29P3,21482,0,RPL29P3,ENSG
33236,ENSG00000201628,RNU4-7P,U4,10194,0,U4,ENSG
33340,ENSG00000165471,MBL2,MBP,6922,4153,MBP,ENSG
33517,ENSG00000277236,CCL14,SCYL2,10612,6358,SCYL2,ENSG
33522,ENSG00000283293,RN7SK,7SK,10037,125050,7SK,ENSG
34243,ENSG00000197157,SND1,TSN,30646,27044,TSN,ENSG
34548,ENSG00000088205,DDX18,HAS1,2741,8886,HAS1,ENSG
34564,ENSG00000125508,SRMS,SRM,11298,6725,SRM,ENSG
34813,ENSG00000240857,RDH14,PAN2,19979,57665,PAN2,ENSG
35163,ENSG00000132670,PTPRA,PTPA,9664,5786,PTPA,ENSG
35397,ENSG00000128567,PODXL,PC,9171,5420,PC,ENSG
35494,ENSG00000168564,CDKN2AIP,CARF,24325,55602,CARF,ENSG
35560,ENSG00000166391,MOGAT2,MGAT2,23248,80168,MGAT2,ENSG
35956,ENSG00000166927,MS4A7,MS4A8,13378,58475,MS4A8,ENSG
36025,ENSG00000217707,SERPINB8P1,SERPINB11,8953,0,SERPINB11,ENSG
36421,ENSG00000126432,PRDX5,PRDX6,9355,25824,PRDX6,ENSG
36497,ENSG00000240849,PEDS1,CARF,16735,387521,CARF,ENSG
36626,ENSG00000116157,GPX7,GPX6,4559,2882,GPX6,ENSG
37137,ENSG00000042286,AIFM2,PRG3,21411,84883,PRG3,ENSG
37572,ENSG00000072135,PTPN18,BDP1,9649,26469,BDP1,ENSG
37585,ENSG00000235246,TMEM184B-AS1,RP1,56716,128385376,RP1,ENSG
37836,ENSG00000107959,PITRM1,PREP,17663,10531,PREP,ENSG
38038,ENSG00000104419,NDRG1,DRG1,7679,10397,DRG1,ENSG
38086,ENSG00000168067,MAP4K2,GCK,6864,5871,GCK,ENSG
38107,ENSG00000197879,MYO1C,NMI,7597,4641,NMI,ENSG
38138,ENSG00000188425,NANOS2,NOS2,23292,339345,NOS2,ENSG
38356,ENSG00000169900,PYDC1,POP1,30261,260434,POP1,ENSG
39052,ENSG00000256040,PAPPA-AS1,TAF4B,35152,493913,TAF4B,ENSG
39207,ENSG00000032219,ARID4A,RBP1,9885,5926,RBP1,ENSG
39380,ENSG00000136383,ALPK3,MAK,17574,57538,MAK,ENSG
39560,ENSG00000265790,RNASEH1P1,RNASEH1,10049,0,RNASEH1,ENSG
39561,ENSG00000265790,RNASEH1P1,RNH1,10049,0,RNH1,ENSG
39589,ENSG00000125398,SOX9,SRA1,11204,6662,SRA1,ENSG
39854,ENSG00000282283,PLPPR3,PRG2,23497,79948,PRG2,ENSG
40062,ENSG00000166401,SERPINB8,CAP2,8952,5271,CAP2,ENSG
40243,ENSG00000189091,SF3B3,SAP130,10770,23450,SAP130,ENSG
40251,ENSG00000167748,KLK1,KLK6,6357,3816,KLK6,ENSG
40280,ENSG00000111142,METAP2,MAP2,16672,10988,MAP2,ENSG
40326,ENSG00000154832,CXXC1,SPP1,24343,30827,SPP1,ENSG
40429,ENSG00000117525,F3,TF,3541,2152,TF,ENSG
41021,ENSG00000123143,PKN1,PAK1,9405,5585,PAK1,ENSG
41078,ENSG00000144320,LNPK,LNP1,21610,80856,LNP1,ENSG
41094,ENSG00000107937,GTPBP4,NGB,21535,23560,NGB,ENSG
41214,ENSG00000196588,MRTFA,MAL,14334,57591,MAL,ENSG
41504,ENSG00000141030,COPS3,CSN3,2239,8533,CSN3,ENSG
41570,ENSG00000085662,AKR1B1,AR,381,231,AR,ENSG
41867,ENSG00000141026,MED9,MED25,25487,55090,MED25,ENSG
41896,ENSG00000255569,TRAV1-1,TRAV11,12101,0,TRAV11,ENSG
41908,ENSG00000105552,BCAT2,BCAM,977,587,BCAM,ENSG
41918,ENSG00000103148,NPRL3,NPR3,14124,8131,NPR3,ENSG
41969,ENSG00000167080,B4GALNT2,CAD,24136,124872,CAD,ENSG
41989,ENSG00000145386,CCNA2,CCN1,1578,890,CCN1,ENSG
42018,ENSG00000198074,AKR1B10,ARL1,382,57016,ARL1,ENSG
42418,ENSG00000134001,EIF2S1,EIF2A,3265,1965,EIF2A,ENSG
42526,ENSG00000276876,MYT1,MTF1,7622,4661,MTF1,ENSG
43404,ENSG00000141644,MBD1,PCM1,6916,4152,PCM1,ENSG
43909,ENSG00000068394,GPKOW,SPP2,30677,27238,SPP2,ENSG
44494,ENSG00000104205,SGK3,SGK2,10812,23678,SGK2,ENSG
44942,ENSG00000119638,NEK9,NEK8,18591,91754,NEK8,ENSG
45173,ENSG00000159496,RGL4,RGR,31911,266747,RGR,ENSG
45253,ENSG00000136235,GPNMB,NMB,4462,10457,NMB,ENSG
45419,ENSG00000168530,MYL1,MLC1,7582,4632,MLC1,ENSG
45518,ENSG00000200463,SNORD118,U8,32952,727676,U8,ENSG
45533,ENSG00000136280,CCM2,OSM,21708,83605,OSM,ENSG
45655,ENSG00000258531,BANF1P1,BCRP1,20252,0,BCRP1,ENSG
45672,ENSG00000139990,DCAF5,BCRP2,20224,8816,BCRP2,ENSG
45687,ENSG00000165970,SLC6A5,NET1,11051,9152,NET1,ENSG
45719,ENSG00000163082,SGPP2,SPP2,19953,130367,SPP2,ENSG
45782,ENSG00000188801,ZNF322P1,ZNF322,14003,0,ZNF322,ENSG
45806,ENSG00000228670,NANOGP2,NANOGP4,23100,0,NANOGP4,ENSG
45951,ENSG00000226784,PGAM4,PGAM1,21731,441531,PGAM1,ENSG
46339,ENSG00000065320,NTN1,NET1,8029,9423,NET1,ENSG
46435,ENSG00000135862,LAMC1,LAMB2,6492,3915,LAMB2,ENSG
46663,ENSG00000136560,TANK,TRAF2,11562,10010,TRAF2,ENSG
47041,ENSG00000166974,MAPRE2,RP1,6891,10982,RP1,ENSG
47225,ENSG00000201458,RNU4-4P,U4,10197,0,U4,ENSG
47332,ENSG00000106105,GARS1,SMAD1,4162,2617,SMAD1,ENSG
47428,ENSG00000204424,LY6G6F,LY6G6D,13933,259215,LY6G6D,ENSG
47663,ENSG00000007174,DNAH9,DNAL1,2953,1770,DNAL1,ENSG
47779,ENSG00000257335,MGAM,MGA,7043,8972,MGA,ENSG
47802,ENSG00000135916,ITM2C,BRI3,6175,81618,BRI3,ENSG
47812,ENSG00000110315,RNF141,ZNF230,21159,50862,ZNF230,ENSG
47923,ENSG00000254521,SIGLEC12,SIGLECL1,15482,89858,SIGLECL1,ENSG
48092,ENSG00000004779,NDUFAB1,ACP1,7694,4706,ACP1,ENSG
48174,ENSG00000092203,TOX4,LCP1,20161,9878,LCP1,ENSG
48194,ENSG00000262635,TDO2,TPH2,11708,6999,TPH2,ENSG
48411,ENSG00000172315,TP53RK,TPRKB,16197,112858,TPRKB,ENSG
48535,ENSG00000173269,MMRN2,EMILIN3,19888,79812,EMILIN3,ENSG
48550,ENSG00000134755,DSC2,DSC3,3036,1824,DSC3,ENSG
48791,ENSG00000130517,PGPEP1,PGP,13568,54858,PGP,ENSG
48827,ENSG00000128510,CPA4,CPA3,15740,51200,CPA3,ENSG
48924,ENSG00000140992,PDPK1,PDK1,8816,5170,PDK1,ENSG
48947,ENSG00000283441,MIR499B,MIR499A,41640,100616134,MIR499A,ENSG
49452,ENSG00000184634,MED12,OPA1,11957,9968,OPA1,ENSG
49540,ENSG00000175229,GAL3ST3,GAL3ST2,24144,89792,GAL3ST2,ENSG
49553,ENSG00000087365,SF3B2,SF3B1,10769,10992,SF3B1,ENSG
49898,ENSG00000174684,B4GAT1,B3GNT6,15685,11041,B3GNT6,ENSG
49987,ENSG00000131981,LGALS3,LGALS2,6563,3958,LGALS2,ENSG
50015,ENSG00000204394,VARS1,VARS2,12651,7407,VARS2,ENSG
50038,ENSG00000126787,DLGAP5,DLG1,16864,9787,DLG1,ENSG
50102,ENSG00000176402,GJC3,GJE1,17495,349149,GJE1,ENSG
50160,ENSG00000292165,SH3D19,EBP,30418,152503,EBP,ENSG
50315,ENSG00000149485,FADS1,FADS6,3574,3992,FADS6,ENSG
50343,ENSG00000137876,RSL24D1,RPL24,18479,51187,RPL24,ENSG
50510,ENSG00000227735,CYCSP5,HCP5,24416,0,HCP5,ENSG
50595,ENSG00000100916,BRMS1L,BRMS1,20512,84312,BRMS1,ENSG
50819,ENSG00000162814,SPATA17,IQCH,25184,128153,IQCH,ENSG
50983,ENSG00000126246,IGFLR1,U2AF1L4,23620,79713,U2AF1L4,ENSG
51036,ENSG00000183305,MAGEA2B,MAGEA2,19340,4101,MAGEA2,ENSG
51045,ENSG00000135164,DMTF1,DMP1,14603,9988,DMP1,ENSG
51161,ENSG00000183765,CHEK2,CDS1,16627,11200,CDS1,ENSG
51219,ENSG00000109099,PMP22,SP110,9118,5376,SP110,ENSG
51291,ENSG00000076043,REXO2,SFN,17851,25996,SFN,ENSG
51305,ENSG00000057252,SOAT1,ACAT1,11177,6646,ACAT1,ENSG
51831,ENSG00000002726,AOC1,DAO,80,26,DAO,ENSG
51834,ENSG00000175166,PSMD2,RPN1,9559,5708,RPN1,ENSG
51988,ENSG00000104064,GABPB1,GABPB2,4074,2553,GABPB2,ENSG
52059,ENSG00000186652,PRG2,MBP,9362,5553,MBP,ENSG
52171,ENSG00000263934,SNORD3A,U3,33189,0,U3,ENSG
52425,ENSG00000012983,MAP4K5,GCKR,6867,11183,GCKR,ENSG
52613,ENSG00000150681,RGS18,RGS13,14261,64407,RGS13,ENSG
52716,ENSG00000285025,MIURF,MIEF1,,127898561,MIEF1,ENSG
52981,ENSG00000076258,FMO4,FMO2,3772,2329,FMO2,ENSG
53049,ENSG00000259120,SMIM6,ELN,40032,100130933,ELN,ENSG
53127,ENSG00000107863,ARHGAP21,ARHGAP10,23725,57584,ARHGAP10,ENSG
53198,ENSG00000270920,MCRIP2P2,MCRIP2P1,49631,0,MCRIP2P1,ENSG
53293,ENSG00000276464,POMZP3,POM121,9203,22932,POM121,ENSG
53631,ENSG00000288422,ARHGEF35,CTAGE4,33846,445328,CTAGE4,ENSG
54054,ENSG00000139187,KLRG1,MAFA,6380,10219,MAFA,ENSG
54206,ENSG00000147650,LRP12,ST7,31708,29967,ST7,ENSG
54525,ENSG00000008226,DLEC1,DLC1,2899,9940,DLC1,ENSG
54596,ENSG00000201659,RNU12-2P,RNU12,10109,0,RNU12,ENSG
54701,ENSG00000101464,PIGU,GAB1,15791,128869,GAB1,ENSG
54791,ENSG00000121053,EPX,EPO,3423,8288,EPO,ENSG
55536,ENSG00000237632,S100A11P1,S100A14,10491,0,S100A14,ENSG
56145,ENSG00000198089,SFI1,PISD,29064,9814,PISD,ENSG
56267,ENSG00000197487,GALP,GAL,24840,85569,GAL,ENSG
56478,ENSG00000133317,LGALS12,GRIP1,15788,85329,GRIP1,ENSG
56503,ENSG00000140848,CPNE2,CPN2,2315,221184,CPN2,ENSG
56636,ENSG00000220267,ACTBP8,ACTBP2,141,0,ACTBP2,ENSG
56946,ENSG00000112312,GMNN,GEM,17493,51053,GEM,ENSG
57124,ENSG00000101109,STK4,MST1,11408,6789,MST1,ENSG
57138,ENSG00000169397,RNASE3,RAF1,10046,6037,RAF1,ENSG
57509,ENSG00000069869,NEDD4,RPF1,7727,4734,RPF1,ENSG
57988,ENSG00000005206,SPPL2B,IMP4,30627,56928,IMP4,ENSG
58598,ENSG00000088826,SMOX,SMO,15862,54498,SMO,ENSG
58755,ENSG00000129910,CDH15,CDH3,1754,1013,CDH3,ENSG
58968,ENSG00000222328,RNU2-2P,U2,10152,0,U2,ENSG
59467,ENSG00000288505,NANOS3,NOS3,22048,342977,NOS3,ENSG
59581,ENSG00000136352,NKX2-1,TTF1,11825,7080,TTF1,ENSG
60039,ENSG00000137267,TUBB2A,TUBB,12412,7280,TUBB,ENSG
60363,ENSG00000175505,CLCF1,CLC,17412,23529,CLC,ENSG
60724,ENSG00000070770,CSNK2A2,CSNK2A1,2459,1459,CSNK2A1,ENSG
61025,ENSG00000095066,HOOK2,HK2,19885,29911,HK2,ENSG
61191,ENSG00000196358,NTNG2,NTNG1,14288,84628,NTNG1,ENSG
61256,ENSG00000163273,NPPC,CNP,7941,4880,CNP,ENSG
61423,ENSG00000109618,SEPSECS,SLA,30605,51091,SLA,ENSG
61694,ENSG00000132763,MMACHC,CBLC,24525,25974,CBLC,ENSG
61792,ENSG00000122133,PAEP,GDA,8573,5047,GDA,ENSG
62171,ENSG00000182255,KCNA4,HK1,6222,3739,HK1,ENSG
62212,ENSG00000134186,PRPF38B,NET1,25512,55119,NET1,ENSG
62550,ENSG00000144749,LRIG1,LIG1,17360,26018,LIG1,ENSG
62554,ENSG00000088986,DYNLL1,DLC1,15476,8655,DLC1,ENSG
62570,ENSG00000229927,RHEBP1,RHEB,10010,0,RHEB,ENSG
62817,ENSG00000250535,STK19B,RP2,21668,0,RP2,ENSG
62821,ENSG00000090534,THPO,TPO,11795,7066,TPO,ENSG
63090,ENSG00000231852,CYP21A2,CPS1,2600,1589,CPS1,ENSG
63370,ENSG00000130175,PRKCSH,PLD1,9411,5589,PLD1,ENSG
63460,ENSG00000110536,PTPMT1,DUSP23,26965,114971,DUSP23,ENSG
63583,ENSG00000141933,TPGS1,PGS1,25058,91978,PGS1,ENSG
63644,ENSG00000111801,BTN3A3,BTF3,1140,10384,BTF3,ENSG
63687,ENSG00000172482,AGXT,AGT,341,189,AGT,ENSG
63973,ENSG00000102312,PORCN,POR,17652,64840,POR,ENSG
63999,ENSG00000183918,SH2D1A,MTCP1,10820,4068,MTCP1,ENSG
64055,ENSG00000165269,AQP7,AQP9,640,364,AQP9,ENSG
64143,ENSG00000224530,PPIAP10,CRP,9264,0,CRP,ENSG
64188,ENSG00000165271,NOL6,NRAP,19910,65083,NRAP,ENSG
64355,ENSG00000244038,DDOST,WBP1,2728,1650,WBP1,ENSG
64540,ENSG00000078814,MYH7B,MYH14,15906,57644,MYH14,ENSG
64987,ENSG00000148498,PARD3,ASIP,16051,56288,ASIP,ENSG
65029,ENSG00000169245,CXCL10,C7,10637,3627,C7,ENSG
65138,ENSG00000197961,ZNF121,ZNF20,12904,7675,ZNF20,ENSG
65407,ENSG00000071203,MS4A12,MS4A10,13370,54860,MS4A10,ENSG
65476,ENSG00000110079,MS4A4A,MS4A7,13371,51338,MS4A7,ENSG
65544,ENSG00000188542,DUSP28,DUSP26,33237,285193,DUSP26,ENSG
66050,ENSG00000105287,PRKD2,PKD2,17293,25865,PKD2,ENSG
66083,ENSG00000068120,COASY,PPAT,29932,80347,PPAT,ENSG
66786,ENSG00000089558,KCNH4,ELK1,6253,23415,ELK1,ENSG
66830,ENSG00000161610,HCRT,PPOX,4847,3060,PPOX,ENSG
66858,ENSG00000165623,UCMA,GRP,25205,221044,GRP,ENSG
67061,ENSG00000236250,STK19,RP1,11398,8859,RP1,ENSG
67411,ENSG00000008516,MMP25,MMP20,14246,64386,MMP20,ENSG
67797,ENSG00000108684,ASIC2,BNC1,99,40,BNC1,ENSG
68530,ENSG00000174885,NLRP6,PAN3,22944,171389,PAN3,ENSG
68635,ENSG00000070729,CNGB1,GAR1,2151,1258,GAR1,ENSG
68644,ENSG00000108849,PPY,PNP,9327,5539,PNP,ENSG
68758,ENSG00000122643,NT5C3A,POMP,17820,51251,POMP,ENSG
68950,ENSG00000125648,SLC25A23,APC2,19375,79085,APC2,ENSG
68999,ENSG00000187416,LHFPL3,LHFPL4,6589,375612,LHFPL4,ENSG
69504,ENSG00000222736,RNU4-6P,U4,10199,0,U4,ENSG
69804,ENSG00000061794,MRPS35,MRPS28,16635,60488,MRPS28,ENSG
69813,ENSG00000136931,NR5A1,SF1,7983,2516,SF1,ENSG
69838,ENSG00000149260,CAPN5,HTRA3,1482,726,HTRA3,ENSG
70129,ENSG00000197919,IFNA1,IFNA13,5417,3439,IFNA13,ENSG
70322,ENSG00000265688,MILIP,MAFG-AS1,43649,92659,MAFG-AS1,ENSG
71119,ENSG00000244207,C4A,C4B,1323,720,C4B,ENSG
71322,ENSG00000184613,NELL2,NRP2,7751,4753,NRP2,ENSG
71875,ENSG00000106462,EZH2,EZH1,3527,2146,EZH1,ENSG
71889,ENSG00000206585,RNVU1-7,RNU1-6P,37500,26864,RNU1-6P,ENSG
71942,ENSG00000103546,SLC6A2,NAT1,11048,6530,NAT1,ENSG
71944,ENSG00000103546,SLC6A2,NET1,11048,6530,NET1,ENSG
71945,ENSG00000103546,SLC6A2,SLC6A5,11048,6530,SLC6A5,ENSG
72268,ENSG00000175595,ERCC4,RAD1,3436,2072,RAD1,ENSG
72846,ENSG00000188763,FZD9,FZD3,4047,8326,FZD3,ENSG
73104,ENSG00000197121,PGAP1,BST1,25712,80055,BST1,ENSG
73184,ENSG00000264294,SNORD55,SNORD39,10205,26811,SNORD39,ENSG
73224,ENSG00000125743,SNRPD2,SNRPD1,11159,6633,SNRPD1,ENSG
73679,ENSG00000148737,TCF7L2,TCF4,11641,6934,TCF4,ENSG
74327,ENSG00000138600,SPPL2A,IMP3,30227,84888,IMP3,ENSG
74348,ENSG00000092068,SLC7A8,LAT2,11066,23428,LAT2,ENSG
74375,ENSG00000105325,FZR1,CDH1,24824,51343,CDH1,ENSG
74553,ENSG00000139428,MMAB,CBLB,19331,326625,CBLB,ENSG
75053,ENSG00000109321,AREG,AR,651,374,AR,ENSG
75162,ENSG00000168621,GDNF,ATF1,4232,2668,ATF1,ENSG
75163,ENSG00000168621,GDNF,ATF2,4232,2668,ATF2,ENSG
75408,ENSG00000120210,INSL6,RIF1,6089,11172,RIF1,ENSG
75504,ENSG00000140374,ETFA,MADD,3481,2108,MADD,ENSG
75571,ENSG00000112562,SMOC2,SMAP2,20323,64094,SMAP2,ENSG
75617,ENSG00000117877,POLR1G,CAST,24219,10849,CAST,ENSG
75629,ENSG00000104884,ERCC2,MAG,3434,2068,MAG,ENSG
75745,ENSG00000152208,GRID2,GLUD2,4576,2895,GLUD2,ENSG
75816,ENSG00000042980,ADAM28,ADAM23,206,10863,ADAM23,ENSG
76322,ENSG00000137843,PAK6,PAK5,16061,56924,PAK5,ENSG
76513,ENSG00000160111,CPAMD8,VIP,23228,27151,VIP,ENSG
76677,ENSG00000143578,CREB3L4,CREB3,18854,148327,CREB3,ENSG
76706,ENSG00000164414,SLC35A1,HCST,11021,10559,HCST,ENSG
76855,ENSG00000180228,PRKRA,RAX,9438,8575,RAX,ENSG
77269,ENSG00000173692,PSMD1,RPN2,9554,5707,RPN2,ENSG
77293,ENSG00000169598,DFFB,CAD,2773,1677,CAD,ENSG
77300,ENSG00000112137,PHACTR1,RPEL1,20990,221692,RPEL1,ENSG
77378,ENSG00000129682,FGF13,FGF2,3670,2258,FGF2,ENSG
78074,ENSG00000145321,GC,DBP,4187,2638,DBP,ENSG
78146,ENSG00000186352,ANKRD37,LRP2BP,29593,353322,LRP2BP,ENSG
78211,ENSG00000099251,HSD17B7P2,HSD17B7,28120,0,HSD17B7,ENSG
78250,ENSG00000172780,RAB43,ISY1,19983,339122,ISY1,ENSG
78251,ENSG00000172780,RAB43,RAB11B,19983,339122,RAB11B,ENSG
78252,ENSG00000172780,RAB43,RAB41,19983,339122,RAB41,ENSG
78342,ENSG00000170949,ZNF160,F11,12948,90338,F11,ENSG
79172,ENSG00000108819,PPP1R9B,SPN,9298,84687,SPN,ENSG
79256,ENSG00000144648,ACKR2,CCR10,1565,1238,CCR10,ENSG
79257,ENSG00000144648,ACKR2,CCR9,1565,1238,CCR9,ENSG
79848,ENSG00000198663,C6orf89,BRAP,21114,221477,BRAP,ENSG
79889,ENSG00000077782,FGFR1,FLG,3688,2260,FLG,ENSG
79918,ENSG00000137409,MTCH1,PSAP,17586,23787,PSAP,ENSG
80077,ENSG00000081803,CADPS2,CAPS2,16018,93664,CAPS2,ENSG
80085,ENSG00000244411,KRTAP5-7,KRTAP5-3,23602,440050,KRTAP5-3,ENSG
80087,ENSG00000241233,KRTAP5-8,KRTAP5-2,23603,57830,KRTAP5-2,ENSG
80091,ENSG00000254997,KRTAP5-9,KRTAP5-1,23604,3846,KRTAP5-1,ENSG
80122,ENSG00000089693,MLF2,NTN4,7126,8079,NTN4,ENSG
80256,ENSG00000126756,UXT,SKP2,12641,8409,SKP2,ENSG
80257,ENSG00000126756,UXT,STAP1,12641,8409,STAP1,ENSG
80449,ENSG00000183032,SLC25A21,ODC1,14411,89874,ODC1,ENSG
80671,ENSG00000145780,FEM1C,FEM1A,16933,56929,FEM1A,ENSG
80779,ENSG00000117407,ARTN,NBN,727,9048,NBN,ENSG
80825,ENSG00000196365,LONP1,PIM1,9479,9361,PIM1,ENSG
81150,ENSG00000258436,RNASE12,RAI1,24211,493901,RAI1,ENSG
81219,ENSG00000161513,FDXR,AR,3642,2232,AR,ENSG
81246,ENSG00000243468,INGX,ING2,6064,0,ING2,ENSG
81416,ENSG00000215914,MMP23A,MMP21,7170,0,MMP21,ENSG
81502,ENSG00000009694,TENM1,TEN1,8117,10178,TEN1,ENSG
81631,ENSG00000168172,HOOK3,HK3,23576,84376,HK3,ENSG
81649,ENSG00000167861,HID1,DMC1,15736,283987,DMC1,ENSG
81830,ENSG00000136492,BRIP1,BACH1,20473,83990,BACH1,ENSG
81842,ENSG00000063978,RNF4,SNURF,10067,6047,SNURF,ENSG
81949,ENSG00000072201,LNX1,MPDZ,6657,84708,MPDZ,ENSG
82006,ENSG00000123992,DNPEP,DAP,2981,23549,DAP,ENSG
82192,ENSG00000142910,TINAGL1,ARG1,19168,64129,ARG1,ENSG
82360,ENSG00000197223,C1D,LRP1,29911,10438,LRP1,ENSG
82544,ENSG00000259706,HSP90B2P,TRAP1,12099,0,TRAP1,ENSG
82690,ENSG00000011590,ZBTB32,MYNN,16763,27033,MYNN,ENSG
82759,ENSG00000113552,GNPDA1,GPI,4417,10007,GPI,ENSG
83065,ENSG00000103740,ACSBG1,HBG1,29567,23205,HBG1,ENSG
83301,ENSG00000127922,SEM1,ECD,10845,7979,ECD,ENSG
83750,ENSG00000104899,AMH,MIF,464,268,MIF,ENSG
83763,ENSG00000165502,RPL36AL,RPL36A,10346,6166,RPL36A,ENSG
83946,ENSG00000164344,KLKB1,KLK3,6371,3818,KLK3,ENSG
84086,ENSG00000165688,PMPCA,INPP5E,18667,23203,INPP5E,ENSG
84234,ENSG00000110435,PDHX,PDX1,21350,8050,PDX1,ENSG
84488,ENSG00000205808,PLPP6,PDP1,23682,403313,PDP1,ENSG
84506,ENSG00000147853,AK3,AK6,17376,50808,AK6,ENSG
84560,ENSG00000157168,NRG1,HRG,7997,3084,HRG,ENSG
84856,ENSG00000143217,NECTIN4,PRR4,19688,81607,PRR4,ENSG
84948,ENSG00000176894,PXMP2,PMP22,9716,5827,PMP22,ENSG
84949,ENSG00000169710,FASN,FAS,3594,2194,FAS,ENSG
84989,ENSG00000136244,IL6,HGF,6018,3569,HGF,ENSG
85150,ENSG00000172269,DPAGT1,GPT,2995,1798,GPT,ENSG
85159,ENSG00000080493,SLC4A4,SLC4A5,11030,8671,SLC4A5,ENSG
85236,ENSG00000121931,LRIF1,RIF1,30299,55791,RIF1,ENSG
85304,ENSG00000105737,GRIK5,GRIK2,4583,2901,GRIK2,ENSG
85394,ENSG00000169605,GKN1,CA11,23217,56287,CA11,ENSG
85416,ENSG00000169604,ANTXR1,ATR,21014,84168,ATR,ENSG
85695,ENSG00000126524,SBDS,SDS,19440,51119,SDS,ENSG
85797,ENSG00000185650,ZFP36L1,BRF1,1107,677,BRF1,ENSG
85817,ENSG00000036565,SLC18A1,VAT1,10934,6570,VAT1,ENSG
85991,ENSG00000113300,CNOT6,CCR4,14099,57472,CCR4,ENSG
86054,ENSG00000159248,GJD2,GJA9,19154,57369,GJA9,ENSG
86085,ENSG00000211689,TRGC1,CD3G,12275,445347,CD3G,ENSG
86098,ENSG00000289746,TARP,CD3G,,445347,CD3G,ENSG
86157,ENSG00000061337,LZTS1,FEZ1,13861,11178,FEZ1,ENSG
86279,ENSG00000146247,PHIP,WDR11,15673,55023,WDR11,ENSG
86413,ENSG00000277027,RMRP,NME1,10031,6023,NME1,ENSG
86661,ENSG00000187741,FANCA,FAH,3582,2175,FAH,ENSG
86728,ENSG00000088247,KHSRP,FBP2,6316,8570,FBP2,ENSG
87029,ENSG00000237984,PTENP1,PTH2,9589,0,PTH2,ENSG
87064,ENSG00000051341,POLQ,POLH,9186,10721,POLH,ENSG
87531,ENSG00000173918,C1QTNF1,GIP,14324,114897,GIP,ENSG
87579,ENSG00000131183,SLC34A1,SLC17A2,11019,6569,SLC17A2,ENSG
87629,ENSG00000124003,MOGAT1,MGAT1,18210,116255,MGAT1,ENSG
87984,ENSG00000248099,INSL3,RLF,6086,3640,RLF,ENSG
87996,ENSG00000130513,GDF15,PDF,30142,9518,PDF,ENSG
88120,ENSG00000103994,ZNF106,ZNF474,12886,64397,ZNF474,ENSG
88150,ENSG00000186577,SMIM29,LBH,1340,221491,LBH,ENSG
88266,ENSG00000122912,SLC25A16,GDA,10986,8034,GDA,ENSG
88395,ENSG00000168056,LTBP3,LTBP2,6716,4054,LTBP2,ENSG
88624,ENSG00000188613,NANOS1,NOS1,23044,340719,NOS1,ENSG
88663,ENSG00000290584,TAAR3P,TAAR2,,9288,TAAR2,ENSG
88878,ENSG00000170482,SLC23A1,SLC23A2,10974,9963,SLC23A2,ENSG
88972,ENSG00000167755,KLK6,KLK7,6367,5653,KLK7,ENSG
89035,ENSG00000138182,KIF20B,MPP1,7212,9585,MPP1,ENSG
89275,ENSG00000235720,GABPAP,GABPB1,4072,0,GABPB1,ENSG
89614,ENSG00000143387,CTSK,CTSO,2536,1513,CTSO,ENSG
89774,ENSG00000121351,IAPP,DAP,5329,3375,DAP,ENSG
89892,ENSG00000108557,RAI1,SMS,9834,10743,SMS,ENSG
89894,ENSG00000111711,GOLT1B,GOT1,20175,51026,GOT1,ENSG
90005,ENSG00000102977,ACD,TPP1,25070,65057,TPP1,ENSG
90140,ENSG00000222465,RNU2-5P,U2,10155,0,U2,ENSG
90222,ENSG00000112941,TENT4A,POLK,16705,11044,POLK,ENSG
90373,ENSG00000213965,NUDT19,RP2,32036,390916,RP2,ENSG
90501,ENSG00000129071,MBD4,MED1,6919,8930,MED1,ENSG
90620,ENSG00000204571,KRTAP5-11,KRTAP5-6,23606,440051,KRTAP5-6,ENSG
90964,ENSG00000108852,MPP2,DLG2,7220,4355,DLG2,ENSG
91182,ENSG00000132185,FCRLA,FCRLB,18504,84824,FCRLB,ENSG
91224,ENSG00000081721,DUSP12,DUSP1,3067,11266,DUSP1,ENSG
91395,ENSG00000198075,SULT1C4,SULT1C2,11457,27233,SULT1C2,ENSG
91512,ENSG00000263155,MYZAP,GCOM1,43444,100820829,GCOM1,ENSG
91700,ENSG00000249947,XBP1P1,XBP1,12802,0,XBP1,ENSG
91935,ENSG00000249020,SNORA58,SNORA58B,32652,0,SNORA58B,ENSG
92059,ENSG00000010810,FYN,SLK,4037,2534,SLK,ENSG
92098,ENSG00000185664,PMEL,SI,10880,6490,SI,ENSG
92319,ENSG00000187953,PMS2CL,PMS2P13,30061,0,PMS2P13,ENSG
92449,ENSG00000163046,ANKRD30BL,ANKRD30BP3,35167,554226,ANKRD30BP3,ENSG
92853,ENSG00000188878,FBF1,ALB,24674,85302,ALB,ENSG
92967,ENSG00000196220,SRGAP3,SRGAP2,19744,9901,SRGAP2,ENSG
93219,ENSG00000068654,POLR1A,RPA1,17264,25885,RPA1,ENSG
93259,ENSG00000025800,KPNA6,KPNA7,6399,23633,KPNA7,ENSG
93402,ENSG00000130165,ELOF1,ELF1,28691,84337,ELF1,ENSG
93495,ENSG00000237065,NANOGP4,NANOGP2,23102,0,NANOGP2,ENSG
93512,ENSG00000077454,LRCH4,LRRN1,6691,4034,LRRN1,ENSG
93620,ENSG00000233614,DDX11L10,DDX11L1,14125,0,DDX11L1,ENSG
93659,ENSG00000105819,PMPCB,MAS1,9119,9512,MAS1,ENSG
93846,ENSG00000181374,CCL13,SCYL1,10611,6357,SCYL1,ENSG
93893,ENSG00000290474,GUSBP2,GUSBP4,,387036,GUSBP4,ENSG
95697,ENSG00000174473,GALNTL6,GALNT17,33844,442117,GALNT17,ENSG
95708,ENSG00000186710,CFAP73,MIA2,37100,387885,MIA2,ENSG
95871,ENSG00000156096,UGT2B4,UGT2B11,12553,7363,UGT2B11,ENSG
95894,ENSG00000253213,USP12P1,USP12,12610,0,USP12,ENSG
96165,ENSG00000169258,GPRIN1,GRIN1,24835,114787,GRIN1,ENSG
96235,ENSG00000164024,METAP1,MAP1A,15789,23173,MAP1A,ENSG
96306,ENSG00000151304,SRFBP1,STRAP,26333,153443,STRAP,ENSG
96359,ENSG00000235718,MFRP,C1QTNF5,18121,83552,C1QTNF5,ENSG
96432,ENSG00000070019,GUCY2C,STAR,4688,2984,STAR,ENSG
96528,ENSG00000111339,ART4,DOK1,726,420,DOK1,ENSG
96534,ENSG00000140939,NOL3,ARC,7869,8996,ARC,ENSG
97142,ENSG00000103381,CPPED1,CSTP1,25632,55313,CSTP1,ENSG
97451,ENSG00000204397,CARD16,COP1,33701,114769,COP1,ENSG
97669,ENSG00000280757,DUX4L1,DUX4,3082,0,DUX4,ENSG
97716,ENSG00000249481,SPATS1,SPATA8,22957,221409,SPATA8,ENSG
97881,ENSG00000235016,SEMA3F-AS1,RBM5-AS1,40518,100129060,RBM5-AS1,ENSG
98226,ENSG00000057019,DCBLD2,CLCP1,24627,131566,CLCP1,ENSG
98489,ENSG00000151276,MAGI1,BAP1,946,9223,BAP1,ENSG
98845,ENSG00000171121,KCNMB3,KCNMB2,6287,27094,KCNMB2,ENSG
99439,ENSG00000174567,GOLT1A,GOT1,24766,127845,GOT1,ENSG
99744,ENSG00000163975,MELTF,MTF1,7037,4241,MTF1,ENSG
99765,ENSG00000242221,PSG2,PSG1,9519,5670,PSG1,ENSG
99845,ENSG00000106648,GALNTL5,GALNT15,21725,168391,GALNT15,ENSG
99943,ENSG00000200795,RNU4-1,U4,10192,26835,U4,ENSG
100008,ENSG00000166508,MCM7,MCM2,6950,4176,MCM2,ENSG
100028,ENSG00000274585,RNU2-1,U2,10142,6066,U2,ENSG
100384,ENSG00000293241,GTF2IP4,GTF2I,,100093631,GTF2I,ENSG
100595,ENSG00000290611,CYP2G1P,CYP2G2P,,22952,CYP2G2P,ENSG
100772,ENSG00000131401,NAPSB,NAPB,13396,0,NAPB,ENSG
101207,ENSG00000133835,HSD17B4,DBP,5213,3295,DBP,ENSG
101331,ENSG00000131386,GALNT15,GALNT7,21531,117248,GALNT7,ENSG
101639,ENSG00000083312,TNPO1,MIP,6401,3842,MIP,ENSG
101964,ENSG00000253485,PCDHGA5,ME3,8703,56110,ME3,ENSG
102005,ENSG00000253953,PCDHGB4,CDH20,8711,8641,CDH20,ENSG
102161,ENSG00000131400,NAPSA,NAPA,13395,9476,NAPA,ENSG
102255,ENSG00000131037,EPS8L1,DRC3,21295,54869,DRC3,ENSG
102390,ENSG00000010704,HFE,HLA-H,4886,3077,HLA-H,ENSG
102433,ENSG00000162337,LRP5,HBM,6697,4041,HBM,ENSG
102465,ENSG00000163606,CD200R1,HCRTR2,24235,131450,HCRTR2,ENSG
102487,ENSG00000084234,APLP2,APPL2,598,334,APPL2,ENSG
102538,ENSG00000129351,ILF3,MPP4,6038,3609,MPP4,ENSG
102759,ENSG00000205420,KRT6A,KRT6C,6443,3853,KRT6C,ENSG
103015,ENSG00000115904,SOS1,HGF,11187,6654,HGF,ENSG
103234,ENSG00000104783,KCNN4,IK,6293,3783,IK,ENSG
103538,ENSG00000150455,TIRAP,MAL,17192,114609,MAL,ENSG
103553,ENSG00000197375,SLC22A5,SCD,10969,6584,SCD,ENSG
103771,ENSG00000111206,FOXM1,MPP2,3818,2305,MPP2,ENSG
104179,ENSG00000019102,VSIG2,CTH,17149,23584,CTH,ENSG
104286,ENSG00000197915,HRNR,S100A16,20846,388697,S100A16,ENSG
104356,ENSG00000230409,TCEA1P2,TCEA1,29891,0,TCEA1,ENSG
104508,ENSG00000141378,PTRH2,PTH2,24265,51651,PTH2,ENSG
104539,ENSG00000161647,MPP3,DLG3,7221,4356,DLG3,ENSG
104630,ENSG00000241388,HNF1A-AS1,HAS1,26785,283460,HAS1,ENSG
105084,ENSG00000127838,PNKD,PDC,9153,25953,PDC,ENSG
105360,ENSG00000167766,ZNF83,HPF1,13158,55769,HPF1,ENSG
105479,ENSG00000141837,CACNA1A,HPCA,1388,773,HPCA,ENSG
105492,ENSG00000127318,IL22,TIFA,14900,50616,TIFA,ENSG
105686,ENSG00000110321,EIF4G2,NAT1,3297,1982,NAT1,ENSG
105850,ENSG00000187672,ERC2,CAST,31922,26059,CAST,ENSG
105877,ENSG00000245248,USP2-AS1,THY1-AS1,48673,0,THY1-AS1,ENSG
105882,ENSG00000163817,SLC6A20,SIT1,30927,54716,SIT1,ENSG
106089,ENSG00000129991,TNNI3,TNNC1,11947,7137,TNNC1,ENSG
106234,ENSG00000105198,LGALS13,PLAC8,15449,29124,PLAC8,ENSG
106407,ENSG00000226982,CENPCP1,CENPC,1855,0,CENPC,ENSG
106517,ENSG00000121764,HCRTR1,OXR1,4848,3061,OXR1,ENSG
106557,ENSG00000018236,CNTN1,F3,2171,1272,F3,ENSG
106645,ENSG00000013573,DDX11,CHL1,2736,1663,CHL1,ENSG
107344,ENSG00000060709,RIMBP2,RBP2,30339,23504,RBP2,ENSG
107494,ENSG00000119862,LGALSL,GRP,25012,29094,GRP,ENSG
107726,ENSG00000135423,GLS2,GLS,29570,27165,GLS,ENSG
108094,ENSG00000277084,RNU2-4P,U2,10154,0,U2,ENSG
108115,ENSG00000067596,DHX8,HRH1,2749,1659,HRH1,ENSG
108156,ENSG00000185829,ARL17A,ARF1P2,24096,51326,ARF1P2,ENSG
108487,ENSG00000068796,KIF2A,HK2,6318,3796,HK2,ENSG
108750,ENSG00000141756,FKBP10,FKBP6,18169,60681,FKBP6,ENSG
109106,ENSG00000125630,POLR1B,RPA2,20454,84172,RPA2,ENSG
109192,ENSG00000168515,SCGB1D1,LIPA,18395,10648,LIPA,ENSG
109737,ENSG00000174748,RPL15,RPL10,10306,6138,RPL10,ENSG
109879,ENSG00000170832,USP32,USP10,19143,84669,USP10,ENSG
110180,ENSG00000170266,GLB1,EBP,4298,2720,EBP,ENSG
110660,ENSG00000137648,TMPRSS4,CAP2,11878,56649,CAP2,ENSG
110662,ENSG00000137648,TMPRSS4,TMPRSS3,11878,56649,TMPRSS3,ENSG
110739,ENSG00000284922,LRTOMT,LRRC51,25033,220074,LRRC51,ENSG
110765,ENSG00000134709,HOOK1,HK1,19884,51361,HK1,ENSG
110852,ENSG00000119782,FKBP1B,FKBP9,3712,2281,FKBP9,ENSG
111008,ENSG00000125691,RPL23,RPL17,10316,9349,RPL17,ENSG
111092,ENSG00000189120,SP6,KLF14,14530,80320,KLF14,ENSG
111101,ENSG00000122008,POLK,POLQ,9183,51426,POLQ,ENSG
111299,ENSG00000082641,NFE2L1,NRF1,7781,4779,NRF1,ENSG
111531,ENSG00000184347,SLIT3,SLIT1,11087,6586,SLIT1,ENSG
111532,ENSG00000184347,SLIT3,SLIT2,11087,6586,SLIT2,ENSG
111572,ENSG00000250722,SELENOP,SELP,10751,6414,SELP,ENSG
111914,ENSG00000131899,LLGL1,DLG4,6628,3996,DLG4,ENSG
111931,ENSG00000120705,ETF1,ERF,3477,2107,ERF,ENSG
112123,ENSG00000074054,CLASP1,MAST1,17088,23332,MAST1,ENSG
112187,ENSG00000090686,USP48,USP31,18533,84196,USP31,ENSG
112645,ENSG00000080819,CPOX,CPO,2321,1371,CPO,ENSG
112739,ENSG00000114388,NPRL2,NPR2,24969,10641,NPR2,ENSG
112789,ENSG00000162733,DDR2,TKT,2731,4921,TKT,ENSG
112849,ENSG00000035499,DEPDC1B,BRCC3,24902,55789,BRCC3,ENSG
113021,ENSG00000000971,CFH,FHL1,4883,3075,FHL1,ENSG
113049,ENSG00000073111,MCM2,CCNL1,6944,4171,CCNL1,ENSG
113285,ENSG00000145901,TNIP1,NAF1,16903,10318,NAF1,ENSG
113415,ENSG00000130508,PXDN,PRG2,14966,7837,PRG2,ENSG
113416,ENSG00000130508,PXDN,PXN,14966,7837,PXN,ENSG
113517,ENSG00000152518,ZFP36L2,BRF2,1108,678,BRF2,ENSG
113591,ENSG00000187627,RGPD1,RGP1,32414,400966,RGP1,ENSG
113841,ENSG00000119865,CNRIP1,CRIP1,24546,25927,CRIP1,ENSG
113881,ENSG00000163220,S100A9,MIF,10499,6280,MIF,ENSG
114040,ENSG00000175756,AURKAIP1,AIP,24114,54998,AIP,ENSG
114227,ENSG00000049247,UTS2,UCN2,12636,10911,UCN2,ENSG
114456,ENSG00000162746,FCRLB,FCRL2,26431,127943,FCRL2,ENSG
114658,ENSG00000228063,LYPLAL1-DT,LYPLAL1-AS1,50560,643723,LYPLAL1-AS1,ENSG
114764,ENSG00000135966,TGFBRAP1,TRAP1,16836,9392,TRAP1,ENSG
115167,ENSG00000082898,XPO1,EMB,12825,7514,EMB,ENSG
115455,ENSG00000291135,FCGR1BP,CD34,,2210,CD34,ENSG
115503,ENSG00000058668,ATP2B4,ATP2B2,817,493,ATP2B2,ENSG
115567,ENSG00000276975,HYDIN2,HYDINP1,33129,0,HYDINP1,ENSG
115757,ENSG00000162571,TTLL10,TTLL5,26693,254173,TTLL5,ENSG
115816,ENSG00000291137,GBA1LP,GC,,2630,GC,ENSG
115828,ENSG00000228108,SPTBN1-AS1,SPTBN1-AS2,40562,0,SPTBN1-AS2,ENSG
116042,ENSG00000142920,AZIN2,ODCP,29957,113451,ODCP,ENSG
116130,ENSG00000178028,DMAP1,EAF2,18291,55929,EAF2,ENSG
116380,ENSG00000215695,RSC1A1,RS1,10458,6248,RS1,ENSG
116675,ENSG00000143258,USP21,USP16,12620,27005,USP16,ENSG
116845,ENSG00000117592,PRDX6,PRX,16753,9588,PRX,ENSG
116884,ENSG00000121481,RNF2,BAP1,10061,6045,BAP1,ENSG
116920,ENSG00000162877,PM20D1,CPS1,26518,148811,CPS1,ENSG
117076,ENSG00000162711,NLRP3,AVP,16400,114548,AVP,ENSG
