,HGNC_ID,alias_symbol,NCBI_ID,ENSG_ID,gene_symbol,collision,source
42104,14947,AAVS1,54776,ENSG00000125503,PPP1R12C,AAVS1,HGNC
56627,11177,ACAT1,6646,ENSG00000057252,SOAT1,ACAT1,HGNC
56628,11178,ACAT2,8435,ENSG00000167780,SOAT2,ACAT2,HGNC
17689,4319,ACLS,2737,ENSG00000106571,GLI3,ACLS,HGNC
35323,7694,ACP1,4706,ENSG00000004779,NDUFAB1,ACP1,HGNC
549,141,ACTBP2,68,ENSG00000220267,ACTBP8,ACTBP2,HGNC
58559,11531,ADA2,6871,ENSG00000276234,TADA2A,ADA2,HGNC
733,206,ADAM23,10863,ENSG00000042980,ADAM28,ADAM23,HGNC
999,280,ADRA1A,146,ENSG00000171873,ADRA1D,ADRA1A,HGNC
1196,341,AGT,189,ENSG00000172482,AGXT,AGT,HGNC
3622,24114,AIP,54998,ENSG00000175756,AURKAIP1,AIP,HGNC
15413,24674,ALB,85302,ENSG00000188878,FBF1,ALB,HGNC
185,61,AMN,215,ENSG00000101986,ABCD1,AMN,HGNC
63767,12496,ANCR,7337,ENSG00000114062,UBE3A,ANCR,HGNC
10686,28964,ANCR,57291,ENSG00000226950,DANCR,ANCR,HGNC
54743,19375,APC2,79085,ENSG00000125648,SLC25A23,APC2,HGNC
1735,19989,APC2,29882,ENSG00000176248,ANAPC2,APC2,HGNC
2352,24035,APPL,26060,ENSG00000157500,APPL1,APPL,HGNC
2374,640,AQP9,364,ENSG00000165269,AQP7,AQP9,HGNC
15772,3642,AR,2232,ENSG00000161513,FDXR,AR,HGNC
1421,381,AR,231,ENSG00000085662,AKR1B1,AR,HGNC
2414,651,AR,374,ENSG00000109321,AREG,AR,HGNC
36245,7869,ARC,8996,ENSG00000140939,NOL3,ARC,HGNC
59829,19168,ARG1,64129,ENSG00000142910,TINAGL1,ARG1,HGNC
2504,23725,ARHGAP10,57584,ENSG00000107863,ARHGAP21,ARHGAP10,HGNC
1433,382,ARL1,57016,ENSG00000198074,AKR1B10,ARL1,HGNC
39096,16051,ASIP,56288,ENSG00000148498,PARD3,ASIP,HGNC
17352,4232,ATF1,2668,ENSG00000168621,GDNF,ATF1,HGNC
17353,4232,ATF2,2668,ENSG00000168621,GDNF,ATF2,HGNC
2074,21014,ATR,84168,ENSG00000169604,ANTXR1,ATR,HGNC
53395,8985,ATR,390502,ENSG00000258597,SERPINA2,ATR,HGNC
36052,16400,AVP,114548,ENSG00000162711,NLRP3,AVP,HGNC
3739,21727,B3GNT8,146712,ENSG00000175711,B3GNTL1,B3GNT8,HGNC
4616,20473,BACH1,83990,ENSG00000136492,BRIP1,BACH1,HGNC
47124,10061,BAP1,6045,ENSG00000121481,RNF2,BAP1,HGNC
28873,946,BAP1,9223,ENSG00000151276,MAGI1,BAP1,HGNC
3968,977,BCAM,587,ENSG00000105552,BCAT2,BCAM,HGNC
22157,6014,BCGF1,3565,ENSG00000113520,IL4,BCGF1,HGNC
4021,1001,BCL5,604,ENSG00000113916,BCL6,BCL5,HGNC
3838,20252,BCRP1,317687,ENSG00000258531,BANF1P1,BCRP1,HGNC
10788,20224,BCRP2,8816,ENSG00000139990,DCAF5,BCRP2,HGNC
43487,9649,BDP1,26469,ENSG00000072135,PTPN18,BDP1,HGNC
3046,99,BNC1,40,ENSG00000108684,ASIC2,BNC1,HGNC
5135,21114,BRAP,221477,ENSG00000198663,C6orf89,BRAP,HGNC
11312,24902,BRCC3,55789,ENSG00000035499,DEPDC1B,BRCC3,HGNC
22942,6175,BRI3,81618,ENSG00000135916,ITM2C,BRI3,HGNC
4778,1140,BTF3,10384,ENSG00000111801,BTN3A3,BTF3,HGNC
29971,18121,C1QTNF5,83552,ENSG00000235718,MFRP,C1QTNF5,HGNC
5063,1323,C4B,720,ENSG00000244731,C4A,C4B,HGNC
43058,9536,C6,5688,ENSG00000101182,PSMA7,C6,HGNC
10226,10637,C7,3627,ENSG00000169245,CXCL10,C7,HGNC
17631,23217,CA11,56287,ENSG00000169605,GKN1,CA11,HGNC
52367,1436,CABP1,795,ENSG00000169906,S100G,CABP1,HGNC
11362,2773,CAD,1677,ENSG00000169598,DFFB,CAD,HGNC
421,33904,CAD,730249,ENSG00000102794,ACOD1,CAD,HGNC
7992,20311,CAMP,283489,ENSG00000198824,CHAMP1,CAMP,HGNC
42870,9491,CAP1,5652,ENSG00000052344,PRSS8,CAP1,HGNC
53433,8952,CAP2,5271,ENSG00000166401,SERPINB8,CAP2,HGNC
60562,11878,CAP2,56649,ENSG00000137648,TMPRSS4,CAP2,HGNC
5633,1426,CAPS,8618,ENSG00000163618,CADPS,CAPS,HGNC
5638,16018,CAPS2,93664,ENSG00000081803,CADPS2,CAPS2,HGNC
7337,24325,CARF,55602,ENSG00000168564,CDKN2AIP,CARF,HGNC
41500,24219,CAST,10849,ENSG00000117877,POLR1G,CAST,HGNC
14122,31922,CAST,26059,ENSG00000187672,ERC2,CAST,HGNC
62510,17341,CCA1,51095,ENSG00000072756,TRNT1,CCA1,HGNC
398,1565,CCR10,1238,ENSG00000144648,ACKR2,CCR10,HGNC
8920,14099,CCR4,57472,ENSG00000113300,CNOT6,CCR4,HGNC
400,1565,CCR9,1238,ENSG00000144648,ACKR2,CCR9,HGNC
16155,20105,CCT,55640,ENSG00000119686,FLVCR2,CCT,HGNC
16832,24824,CDH1,51343,ENSG00000105325,FZR1,CDH1,HGNC
39446,8711,CDH20,8641,ENSG00000253953,PCDHGB4,CDH20,HGNC
7188,1758,CDH7,28513,ENSG00000071991,CDH19,CDH7,HGNC
7369,33710,CDKN1A,150383,ENSG00000205643,CDPF1,CDKN1A,HGNC
8069,16627,CDS1,11200,ENSG00000183765,CHEK2,CDS1,HGNC
5034,1320,CER1,23739,,C3CER1,CER1,HGNC
7748,1863,CES2,1066,ENSG00000198848,CES1,CES2,HGNC
8056,19057,CHD5,84181,ENSG00000124177,CHD6,CHD5,HGNC
17388,12790,CHD5,7485,ENSG00000182093,GET1,CHD5,HGNC
11025,2736,CHL1,1663,ENSG00000013573,DDX11,CHL1,HGNC
8172,14525,CHP1,26973,ENSG00000110172,CHORDC1,CHP1,HGNC
54669,10979,CIC,6576,ENSG00000100075,SLC25A1,CIC,HGNC
23978,6349,CKLF,688,ENSG00000102554,KLF5,CKLF,HGNC
52644,19065,CLA3,0,,SCAR6,CLA3,HGNC
8471,17412,CLC,23529,ENSG00000175505,CLCF1,CLC,HGNC
10824,24627,CLCP1,131566,ENSG00000057019,DCBLD2,CLCP1,HGNC
8645,2065,CLIC5,54102,ENSG00000159212,CLIC6,CLIC5,HGNC
63610,12462,CLIP4,53347,ENSG00000160185,UBASH3A,CLIP4,HGNC
42210,9314,CNA1,5530,ENSG00000138814,PPP3CA,CNA1,HGNC
36527,7941,CNP,4880,ENSG00000163273,NPPC,CNP,HGNC
39355,8662,CNR1,56117,,PCDHA@,CNR1,HGNC
39359,8670,CNR1,56144,ENSG00000204967,PCDHA4,CNR1,HGNC
39367,8672,CNR2,56142,ENSG00000081842,PCDHA6,CNR2,HGNC
9041,18621,COD2,57511,ENSG00000133103,COG6,COD2,HGNC
5858,33701,COP,114769,ENSG00000204397,CARD16,COP,HGNC
5857,33701,COP1,114769,ENSG00000204397,CARD16,COP1,HGNC
9378,15740,CPA3,51200,ENSG00000128510,CPA4,CPA3,HGNC
10438,2610,CPA6,1548,ENSG00000255974,CYP2A6,CPA6,HGNC
20510,17513,CPD,9455,ENSG00000103942,HOMER2,CPD,HGNC
10548,2591,CPN1,1584,ENSG00000160882,CYP11B1,CPN1,HGNC
9419,2314,CPN1,8904,ENSG00000214078,CPNE1,CPN1,HGNC
9420,2315,CPN2,221184,ENSG00000140848,CPNE2,CPN2,HGNC
10550,2592,CPN2,1585,ENSG00000179142,CYP11B2,CPN2,HGNC
10568,2600,CPS1,1589,ENSG00000231852,CYP21A2,CPS1,HGNC
9528,18854,CREB3,148327,ENSG00000143578,CREB3L4,CREB3,HGNC
8956,24546,CRIP1,25927,ENSG00000119865,CNRIP1,CRIP1,HGNC
41848,9264,CRP,140913,ENSG00000224530,PPIAP10,CRP,HGNC
9187,30747,CSN2,9318,ENSG00000166200,COPS2,CSN2,HGNC
9189,2239,CSN3,8533,ENSG00000141030,COPS3,CSN3,HGNC
9795,2459,CSNK2A1,1459,ENSG00000070770,CSNK2A2,CSNK2A1,HGNC
9874,2482,CST6,1476,ENSG00000160213,CSTB,CST6,HGNC
9438,25632,CSTP1,55313,ENSG00000103381,CPPED1,CSTP1,HGNC
2659,33846,CTAGE4,445328,ENSG00000213214,ARHGEF35,CTAGE4,HGNC
64935,17149,CTH,23584,ENSG00000019102,VSIG2,CTH,HGNC
10439,2610,CYP2A,1548,ENSG00000255974,CYP2A6,CYP2A,HGNC
10445,2608,CYP2A,1553,ENSG00000197838,CYP2A13,CYP2A,HGNC
10440,2611,CYP2A,1549,ENSG00000198077,CYP2A7,CYP2A,HGNC
2105,80,DAO,26,ENSG00000002726,AOC1,DAO,HGNC
21094,5329,DAP,3375,ENSG00000121351,IAPP,DAP,HGNC
12237,2981,DAP,23549,ENSG00000123992,DNPEP,DAP,HGNC
11788,30368,DAP3,58512,ENSG00000116544,DLGAP3,DAP3,HGNC
62957,1158,DBI,706,ENSG00000100300,TSPO,DBI,HGNC
17235,4187,DBP,2638,ENSG00000145321,GC,DBP,HGNC
20751,5213,DBP,3295,ENSG00000133835,HSD17B4,DBP,HGNC
10932,18985,DCR,51181,ENSG00000169738,DCXR,DCR,HGNC
11155,2765,DEF6,1671,ENSG00000164822,DEFA6,DEF6,HGNC
11147,32231,DEFA1,613253,,DEFA1A3,DEFA1,HGNC
11148,32231,DEFA3,613253,,DEFA1A3,DEFA3,HGNC
11201,18091,DEFB111,245913,ENSG00000203970,DEFB110,DEFB111,HGNC
11149,32231,DEFT1P,613253,,DEFA1A3,DEFT1P,HGNC
9695,2418,DFNA40,1428,ENSG00000103316,CRYM,DFNA40,HGNC
11634,2680,DIO1,11083,ENSG00000101191,DIDO1,DIO1,HGNC
11730,2899,DLC1,9940,ENSG00000008226,DLEC1,DLC1,HGNC
12826,15476,DLC1,8655,ENSG00000088986,DYNLL1,DLC1,HGNC
11794,16864,DLG1,9787,ENSG00000126787,DLGAP5,DLG1,HGNC
19843,15736,DMC1,283987,ENSG00000167861,HID1,DMC1,HGNC
11872,14603,DMP1,9988,ENSG00000135164,DMTF1,DMP1,HGNC
11952,2953,DNAL1,1770,ENSG00000007174,DNAH9,DNAL1,HGNC
2925,726,DOK1,420,ENSG00000111339,ART4,DOK1,HGNC
14073,21295,DRC3,54869,ENSG00000131037,EPS8L1,DRC3,HGNC
35244,7679,DRG1,10397,ENSG00000104419,NDRG1,DRG1,HGNC
12446,3014,DRP2,1808,ENSG00000092964,DPYSL2,DRP2,HGNC
12505,3037,DSC1,1825,ENSG00000134762,DSC3,DSC1,HGNC
12506,3037,DSC2,1825,ENSG00000134762,DSC3,DSC2,HGNC
12666,3067,DUSP1,11266,ENSG00000081721,DUSP12,DUSP1,HGNC
43445,26965,DUSP23,114971,ENSG00000110536,PTPMT1,DUSP23,HGNC
12695,33237,DUSP26,285193,ENSG00000188542,DUSP28,DUSP26,HGNC
11831,18291,EAF2,55929,ENSG00000178028,DMAP1,EAF2,HGNC
53771,30418,EBP,152503,ENSG00000109686,SH3D19,EBP,HGNC
17644,4298,EBP,2720,ENSG00000170266,GLB1,EBP,HGNC
53155,10845,ECD,7979,ENSG00000127922,SEM1,ECD,HGNC
13387,3265,EIF2A,1965,ENSG00000134001,EIF2S1,EIF2A,HGNC
13691,28691,ELF1,84337,ENSG00000130165,ELOF1,ELF1,HGNC
55454,40032,ELN,100130933,ENSG00000259120,SMIM6,ELN,HGNC
59821,11820,EPO,7076,ENSG00000102265,TIMP1,EPO,HGNC
14088,3423,EPO,8288,ENSG00000121053,EPX,EPO,HGNC
17399,4236,ERV1,2671,ENSG00000127554,GFER,ERV1,HGNC
8787,2121,ERV1,1240,ENSG00000174600,CMKLR1,ERV1,HGNC
14653,3514,EXT2,0,,EXT3,EXT2,HGNC
14676,3527,EZH1,2146,ENSG00000106462,EZH2,EZH1,HGNC
66620,12948,F11,90338,ENSG00000170949,ZNF160,F11,HGNC
66618,12944,F11,0,,ZNF159,F11,HGNC
8968,2171,F3,1272,ENSG00000018236,CNTN1,F3,HGNC
11798,2907,FA1,8788,ENSG00000185559,DLK1,FA1,HGNC
14722,21197,FAAH,79152,ENSG00000103089,FA2H,FAAH,HGNC
14745,31059,FABP5,387934,ENSG00000236972,FABP5P1,FABP5,HGNC
503,3569,FACL1,2180,ENSG00000151726,ACSL1,FACL1,HGNC
14783,3574,FADS6,3992,ENSG00000149485,FADS1,FADS6,HGNC
15315,3582,FAH,2175,ENSG00000187741,FANCA,FAH,HGNC
15371,3594,FAS,2194,ENSG00000169710,FASN,FAS,HGNC
23686,6316,FBP2,8570,ENSG00000088247,KHSRP,FBP2,HGNC
10001,2498,FCP1,9150,ENSG00000060069,CTDP1,FCP1,HGNC
15748,26431,FCRL2,127943,ENSG00000162746,FCRLB,FCRL2,HGNC
921,17416,FEB4,84059,ENSG00000164199,ADGRV1,FEB4,HGNC
15790,16933,FEM1A,56929,ENSG00000145780,FEM1C,FEM1A,HGNC
28679,13861,FEZ1,11178,ENSG00000061337,LZTS1,FEZ1,HGNC
15893,3670,FGF2,2258,ENSG00000129682,FGF13,FGF2,HGNC
7897,4883,FHL1,3075,ENSG00000000971,CFH,FHL1,HGNC
20631,23824,FHL1,0,,HPLH1,FHL1,HGNC
16083,18169,FKBP6,60681,ENSG00000141756,FKBP10,FKBP6,HGNC
16050,3712,FKBP9,2281,ENSG00000119782,FKBP1B,FKBP9,HGNC
15919,3688,FLG,2260,ENSG00000077782,FGFR1,FLG,HGNC
15970,3701,FRA3B,2272,ENSG00000189283,FHIT,FRA3B,HGNC
16189,3775,FRAXA,2332,ENSG00000102081,FMR1,FRAXA,HGNC
1043,3776,FRAXE,2334,ENSG00000155966,AFF2,FRAXE,HGNC
16827,4047,FZD3,8326,ENSG00000188763,FZD9,FZD3,HGNC
40472,15791,GAB1,128869,ENSG00000101464,PIGU,GAB1,HGNC
16941,31960,GAGE8,26749,ENSG00000275113,GAGE2E,GAGE8,HGNC
16940,31959,GAGE8,729408,,GAGE2D,GAGE8,HGNC
17015,24840,GAL,85569,ENSG00000197487,GALP,GAL,HGNC
16966,24144,GAL3ST2,89792,ENSG00000175229,GAL3ST3,GAL3ST2,HGNC
17009,30488,GALNT15,374378,ENSG00000110328,GALNT18,GALNT15,HGNC
17012,33844,GALNT17,442117,ENSG00000174473,GALNTL6,GALNT17,HGNC
16998,21531,GALNT7,117248,ENSG00000131386,GALNT15,GALNT7,HGNC
8861,2151,GAR1,1258,ENSG00000070729,CNGB1,GAR1,HGNC
29096,6864,GCK,5871,ENSG00000168067,MAP4K2,GCK,HGNC
29105,6867,GCKR,11183,ENSG00000012983,MAP4K5,GCKR,HGNC
34692,43444,GCOM1,100820829,ENSG00000263155,MYZAP,GCOM1,HGNC
54721,10986,GDA,8034,ENSG00000122912,SLC25A16,GDA,HGNC
4945,14324,GIP,114897,ENSG00000173918,C1QTNF1,GIP,HGNC
17851,4385,GIP,2771,ENSG00000114353,GNAI2,GIP,HGNC
17613,19147,GJA11,125111,ENSG00000183153,GJD3,GJA11,HGNC
16971,4119,GK2,2585,ENSG00000156958,GALK2,GK2,HGNC
34931,18069,GLA,9027,ENSG00000144035,NAT8,GLA,HGNC
17752,29570,GLS,27165,ENSG00000135423,GLS2,GLS,HGNC
18527,4581,GLUR7,2899,ENSG00000163873,GRIK3,GLUR7,HGNC
18590,4599,GLUR7,2917,ENSG00000196277,GRM7,GLUR7,HGNC
18064,24766,GOT1,127845,ENSG00000174567,GOLT1A,GOT1,HGNC
18068,20175,GOT1,51026,ENSG00000111711,GOLT1B,GOT1,HGNC
18957,4703,GPB,2994,ENSG00000250361,GYPB,GPB,HGNC
17933,4417,GPI,10007,ENSG00000113552,GNPDA1,GPI,HGNC
12309,2995,GPT,1798,ENSG00000172269,DPAGT1,GPT,HGNC
18436,4559,GPX6,2882,ENSG00000116157,GPX7,GPX6,HGNC
18400,24835,GRIN1,114787,ENSG00000169258,GPRIN1,GRIN1,HGNC
35134,7669,GRIP1,10499,ENSG00000140396,NCOA2,GRIP1,HGNC
25147,15788,GRIP1,85329,ENSG00000133317,LGALS12,GRIP1,HGNC
63913,25205,GRP,221044,ENSG00000165623,UCMA,GRP,HGNC
25154,25012,GRP,29094,ENSG00000119862,LGALSL,GRP,HGNC
61433,29169,GSG1,22878,ENSG00000153339,TRAPPC8,GSG1,HGNC
2219,587,HAP1,328,ENSG00000100823,APEX1,HAP1,HGNC
20315,26785,HAS1,283460,ENSG00000241388,HNF1A-AS1,HAS1,HGNC
28217,6697,HBM,4041,ENSG00000162337,LRP5,HBM,HGNC
10355,24416,HCP5,360158,ENSG00000227735,CYCSP5,HCP5,HGNC
6938,24235,HCRTR2,131450,ENSG00000163606,CD200R1,HCRTR2,HGNC
19668,21041,HDC,51696,ENSG00000112406,HECA,HDC,HGNC
17197,1273,HES1,8209,ENSG00000160221,GATD3,HES1,HGNC
56725,11187,HGF,6654,ENSG00000115904,SOS1,HGF,HGNC
22169,6018,HGF,3569,ENSG00000136244,IL6,HGF,HGNC
20522,19884,HK1,51361,ENSG00000134709,HOOK1,HK1,HGNC
23263,6222,HK1,3739,ENSG00000182255,KCNA4,HK1,HGNC
20523,19885,HK2,29911,ENSG00000095066,HOOK2,HK2,HGNC
23267,6224,HK2,3741,ENSG00000130037,KCNA5,HK2,HGNC
23744,6318,HK2,3796,ENSG00000068796,KIF2A,HK2,HGNC
20524,23576,HK3,84376,ENSG00000168172,HOOK3,HK3,HGNC
19789,4886,HLA-H,3077,ENSG00000010704,HFE,HLA-H,HGNC
13936,3374,HLF,2034,ENSG00000116016,EPAS1,HLF,HGNC
11722,2897,HP,10395,ENSG00000164741,DLC1,HP,HGNC
5535,1388,HPCA,773,ENSG00000141837,CACNA1A,HPCA,HGNC
66517,13158,HPF1,55769,ENSG00000167766,ZNF83,HPF1,HGNC
60067,11867,HPP1,23671,ENSG00000144339,TMEFF2,HPP1,HGNC
33532,7438,HPR,0,,MT-HPR,HPR,HGNC
36713,7997,HRG,3084,ENSG00000157168,NRG1,HRG,HGNC
11562,2749,HRH1,1659,ENSG00000067596,DHX8,HRH1,HGNC
11569,2738,HRH2,1665,ENSG00000109606,DHX15,HRH2,HGNC
20759,28120,HSD17B7,158160,ENSG00000099251,HSD17B7P2,HSD17B7,HGNC
17908,4413,HSR1,2794,ENSG00000204590,GNL1,HSR1,HGNC
5793,1482,HTRA3,726,ENSG00000149260,CAPN5,HTRA3,HGNC
53098,10717,IBD2,6400,ENSG00000071537,SEL1L,IBD2,HGNC
21290,5417,IFNA13,3439,ENSG00000197919,IFNA1,IFNA13,HGNC
16289,3800,IHG1,2296,ENSG00000054598,FOXC1,IHG1,HGNC
23487,6293,IK,3783,ENSG00000104783,KCNN4,IK,HGNC
63424,30685,IL14,200081,ENSG00000084652,TXLNA,IL14,HGNC
34429,16948,IL25,56005,ENSG00000074842,MYDGF,IL25,HGNC
22270,5984,IL27,53342,ENSG00000172458,IL17D,IL27,HGNC
21455,28868,IMP3,10643,ENSG00000136231,IGF2BP3,IMP3,HGNC
57259,30227,IMP3,84888,ENSG00000138600,SPPL2A,IMP3,HGNC
57261,30627,IMP4,56928,ENSG00000005206,SPPL2B,IMP4,HGNC
56946,25184,IQCH,128153,ENSG00000162814,SPATA17,IQCH,HGNC
43928,19983,ISY1,339122,ENSG00000172780,RAB43,ISY1,HGNC
56788,14530,KLF14,80320,ENSG00000189120,SP6,KLF14,HGNC
24043,15646,KLHL6,55975,ENSG00000122550,KLHL7,KLHL6,HGNC
24258,6399,KPNA7,23633,ENSG00000025800,KPNA6,KPNA7,HGNC
24611,23604,KRTAP5-1,3846,ENSG00000254997,KRTAP5-9,KRTAP5-1,HGNC
24603,23601,KRTAP5-11,439915,ENSG00000185940,KRTAP5-5,KRTAP5-11,HGNC
24609,23603,KRTAP5-2,57830,ENSG00000241233,KRTAP5-8,KRTAP5-2,HGNC
24606,23602,KRTAP5-3,440050,ENSG00000244411,KRTAP5-7,KRTAP5-3,HGNC
24614,23606,KRTAP5-6,440051,ENSG00000204571,KRTAP5-11,KRTAP5-6,HGNC
24598,23597,KRTAP5-8,440021,ENSG00000205867,KRTAP5-2,KRTAP5-8,HGNC
24600,23598,KRTAP5-9,387266,ENSG00000196224,KRTAP5-3,KRTAP5-9,HGNC
8880,19701,KSR2,22866,ENSG00000149970,CNKSR2,KSR2,HGNC
24800,6484,LAMA3,3910,ENSG00000112769,LAMA4,LAMA3,HGNC
57225,30621,LAT,83985,ENSG00000169682,SPNS1,LAT,HGNC
54383,11066,LAT2,23428,ENSG00000092068,SLC7A8,LAT2,HGNC
55494,1340,LBH,221491,ENSG00000186577,SMIM29,LBH,HGNC
61018,20161,LCP1,9878,ENSG00000092203,TOX4,LCP1,HGNC
25022,6533,LDB1,9079,ENSG00000169744,LDB2,LDB1,HGNC
13385,6583,LGTN,1939,ENSG00000143486,EIF2D,LGTN,HGNC
28180,17360,LIG1,26018,ENSG00000144749,LRIG1,LIG1,HGNC
52750,18395,LIPA,10648,ENSG00000168515,SCGB1D1,LIPA,HGNC
52753,18396,LIPB,10647,ENSG00000124935,SCGB1D2,LIPB,HGNC
28047,21610,LNP1,80856,ENSG00000144320,LNPK,LNP1,HGNC
24751,16899,LRE3,0,,L1RE3,LRE3,HGNC
4846,29911,LRP1,10438,ENSG00000197223,C1D,LRP1,HGNC
34987,7648,LYST2,26960,ENSG00000172915,NBEA,LYST2,HGNC
6916,1631,M130,9332,ENSG00000177575,CD163,M130,HGNC
42092,7618,M130,4659,ENSG00000058272,PPP1R12A,M130,HGNC
14467,3481,MADD,2108,ENSG00000140374,ETFA,MADD,HGNC
24146,6380,MAFA,10219,ENSG00000139187,KLRG1,MAFA,HGNC
14130,3434,MAG,2068,ENSG00000104884,ERCC2,MAG,HGNC
28785,19340,MAGEA2,266740,ENSG00000183305,MAGEA2B,MAGEA2,HGNC
1628,17574,MAK,57538,ENSG00000136383,ALPK3,MAK,HGNC
33292,14334,MAL,57591,ENSG00000196588,MRTFA,MAL,HGNC
29870,15789,MAP1A,23173,ENSG00000164024,METAP1,MAP1A,HGNC
29875,16672,MAP2,10988,ENSG00000111142,METAP2,MAP2,HGNC
41233,9119,MAS1,9512,ENSG00000105819,PMPCB,MAS1,HGNC
8453,17088,MAST1,23332,ENSG00000074054,CLASP1,MAST1,HGNC
42482,9362,MBP,5553,ENSG00000186652,PRG2,MBP,HGNC
29419,6922,MBP,4153,ENSG00000165471,MBL2,MBP,HGNC
39419,14546,ME1,57717,ENSG00000272674,PCDHB16,ME1,HGNC
7532,1850,ME2,9620,ENSG00000075275,CELSR1,ME2,HGNC
39410,8682,ME2,56125,ENSG00000197479,PCDHB11,ME2,HGNC
39430,8703,ME3,56110,ENSG00000253485,PCDHGA5,ME3,HGNC
29410,6919,MED1,8930,ENSG00000129071,MBD4,MED1,HGNC
29667,25487,MED25,55090,ENSG00000141026,MED9,MED25,HGNC
42409,9354,MER5,10935,ENSG00000165672,PRDX3,MER5,HGNC
30015,7043,MGA,8972,ENSG00000257335,MGAM,MGA,HGNC
32656,18210,MGAT1,116255,ENSG00000124003,MOGAT1,MGAT1,HGNC
32657,23248,MGAT2,80168,ENSG00000166391,MOGAT2,MGAT2,HGNC
32661,23249,MGAT3,346606,ENSG00000106384,MOGAT3,MGAT3,HGNC
7818,37100,MIA2,387885,ENSG00000186710,CFAP73,MIA2,HGNC
30134,33702,MIC12,125988,ENSG00000174917,MICOS13,MIC12,HGNC
5971,1502,MICE,23581,ENSG00000105141,CASP14,MICE,HGNC
1687,464,MIF,268,ENSG00000104899,AMH,MIF,HGNC
52329,10499,MIF,6280,ENSG00000163220,S100A9,MIF,HGNC
30223,7104,MIP,4285,ENSG00000027001,MIPEP,MIP,HGNC
60857,6401,MIP,3842,ENSG00000083312,TNPO1,MIP,HGNC
28769,31102,MIP,727764,ENSG00000274847,MAFIP,MIP,HGNC
34490,7582,MLC1,4632,ENSG00000168530,MYL1,MLC1,HGNC
32880,48649,MLN,100507027,ENSG00000227877,MRLN,MLN,HGNC
32639,18234,MOS,55034,ENSG00000075643,MOCOS,MOS,HGNC
28051,6657,MPDZ,84708,ENSG00000072201,LNX1,MPDZ,HGNC
23808,7212,MPP1,9585,ENSG00000138182,KIF20B,MPP1,HGNC
16345,3818,MPP2,2305,ENSG00000111206,FOXM1,MPP2,HGNC
22417,6038,MPP4,3609,ENSG00000129351,ILF3,MPP4,HGNC
7990,1911,MPP7,8208,ENSG00000159259,CHAF1B,MPP7,HGNC
33049,14492,MRPL27,64975,ENSG00000182154,MRPL41,MRPL27,HGNC
33260,16635,MRPS28,60488,ENSG00000061794,MRPS35,MRPS28,HGNC
33241,14513,MRPS35,28957,ENSG00000147586,MRPS28,MRPS35,HGNC
33300,18477,MRT4,51154,ENSG00000053372,MRTO4,MRT4,HGNC
64112,20439,MRX82,65109,ENSG00000125351,UPF3B,MRX82,HGNC
33351,13371,MS4A7,51338,ENSG00000110079,MS4A4A,MS4A7,HGNC
33358,13378,MS4A8,58475,ENSG00000166927,MS4A7,MS4A8,HGNC
51281,10434,MSK1,9252,ENSG00000100784,RPS6KA5,MSK1,HGNC
51280,10433,MSK2,8986,ENSG00000162302,RPS6KA4,MSK2,HGNC
57903,11408,MST1,6789,ENSG00000101109,STK4,MST1,HGNC
53740,10820,MTCP1,4068,ENSG00000183918,SH2D1A,MTCP1,HGNC
29818,7037,MTF1,4241,ENSG00000163975,MELTF,MTF1,HGNC
34678,7622,MTF1,4661,ENSG00000196132,MYT1,MTF1,HGNC
34465,15906,MYH14,57644,ENSG00000078814,MYH7B,MYH14,HGNC
34577,7599,MYO1C,4643,ENSG00000157483,MYO1E,MYO1C,HGNC
40821,29650,MYT1,9088,ENSG00000127564,PKMYT1,MYT1,HGNC
60789,16903,NAF1,10318,ENSG00000145901,TNIP1,NAF1,HGNC
34849,23102,NANOGP2,414132,ENSG00000237065,NANOGP4,NANOGP2,HGNC
34852,23105,NANOGP3,414130,ENSG00000258774,NANOGP7,NANOGP3,HGNC
34847,23100,NANOGP4,414131,ENSG00000228670,NANOGP2,NANOGP4,HGNC
34900,13395,NAPA,9476,ENSG00000131400,NAPSA,NAPA,HGNC
34905,13396,NAPB,256236,ENSG00000131401,NAPSB,NAPB,HGNC
47238,17765,NARF,51444,ENSG00000134758,RNF138,NARF,HGNC
13520,3297,NAT1,1982,ENSG00000110321,EIF4G2,NAT1,HGNC
54998,13447,NAT2,81539,ENSG00000111371,SLC38A1,NAT2,HGNC
2929,727,NBN,9048,ENSG00000117407,ARTN,NBN,HGNC
42734,25512,NET1,55119,ENSG00000134186,PRPF38B,NET1,HGNC
36916,8029,NET1,9423,ENSG00000065320,NTN1,NET1,HGNC
18836,21535,NGB,23560,ENSG00000107937,GTPBP4,NGB,HGNC
18221,4458,NLK,2821,ENSG00000105220,GPI,NLK,HGNC
18245,4462,NMB,10457,ENSG00000136235,GPNMB,NMB,HGNC
45313,10031,NME1,6023,ENSG00000277027,RMRP,NME1,HGNC
34571,7597,NMI,4641,ENSG00000197879,MYO1C,NMI,HGNC
28497,19260,NOP9,56413,ENSG00000213906,LTB4R2,NOP9,HGNC
34857,23044,NOS1,340719,ENSG00000188613,NANOS1,NOS1,HGNC
34859,23292,NOS2,339345,ENSG00000188425,NANOS2,NOS2,HGNC
34862,22048,NOS3,342977,ENSG00000187556,NANOS3,NOS3,HGNC
36536,24969,NPR2,10641,ENSG00000114388,NPRL2,NPR2,HGNC
36539,14124,NPR3,8131,ENSG00000103148,NPRL3,NPR3,HGNC
35706,7781,NRF1,4779,ENSG00000082641,NFE2L1,NRF1,HGNC
35574,7751,NRP2,4753,ENSG00000184613,NELL2,NRP2,HGNC
23163,24565,NSL1,284058,ENSG00000120071,KANSL1,NSL1,HGNC
56724,11186,NT3,6272,ENSG00000134243,SORT1,NT3,HGNC
32465,7126,NTN4,8079,ENSG00000089693,MLF2,NTN4,HGNC
6833,1682,OA3,961,ENSG00000196776,CD47,OA3,HGNC
55179,13819,OATP1,53919,ENSG00000139155,SLCO1C1,OATP1,HGNC
54733,14411,ODC1,89874,ENSG00000183032,SLC25A21,ODC1,HGNC
29676,11957,OPA1,9968,ENSG00000184634,MED12,OPA1,HGNC
60262,25382,OPA7,84233,ENSG00000171202,TMEM126A,OPA7,HGNC
54714,10985,ORC1,10166,ENSG00000102743,SLC25A15,ORC1,HGNC
6551,21708,OSM,83605,ENSG00000136280,CCM2,OSM,HGNC
19571,4848,OXR1,3061,ENSG00000121764,HCRTR1,OXR1,HGNC
40828,9405,PAK1,5585,ENSG00000123143,PKN1,PAK1,HGNC
2611,15607,PAK3,8874,ENSG00000102606,ARHGEF7,PAK3,HGNC
38997,16061,PAK5,56924,ENSG00000137843,PAK6,PAK5,HGNC
34402,23386,PAM,23077,ENSG00000005810,MYCBP2,PAM,HGNC
44722,19979,PAN2,57665,ENSG00000240857,RDH14,PAN2,HGNC
36062,22943,PAN2,147945,ENSG00000160505,NLRP4,PAN2,HGNC
36071,22944,PAN3,171389,ENSG00000174885,NLRP6,PAN3,HGNC
42996,9514,PBG1,5669,ENSG00000231924,PSG1,PBG1,HGNC
41394,9171,PC,5420,ENSG00000128567,PODXL,PC,HGNC
9706,18966,PCAP,51380,ENSG00000139631,CSAD,PCAP,HGNC
29400,6916,PCM1,4152,ENSG00000141644,MBD1,PCM1,HGNC
41281,9153,PDC,25953,ENSG00000127838,PNKD,PDC,HGNC
17341,30142,PDF,9518,ENSG00000130513,GDF15,PDF,HGNC
39784,8816,PDK1,5170,ENSG00000140992,PDPK1,PDK1,HGNC
41113,23682,PDP1,403313,ENSG00000205808,PLPP6,PDP1,HGNC
39733,21350,PDX1,8050,ENSG00000110435,PDHX,PDX1,HGNC
40074,23719,PER1,93210,ENSG00000161395,PGAP3,PER1,HGNC
40060,21731,PGAM1,441531,ENSG00000226784,PGAM4,PGAM1,HGNC
40158,13568,PGP,54858,ENSG00000130517,PGPEP1,PGP,HGNC
40106,8893,PIGF,5228,ENSG00000119630,PGF,PIGF,HGNC
28063,9479,PIM1,9361,ENSG00000196365,LONP1,PIM1,HGNC
53613,29064,PISD,9814,ENSG00000198089,SFI1,PISD,HGNC
42570,17293,PKD2,25865,ENSG00000105287,PRKD2,PKD2,HGNC
25149,15449,PLAC8,29124,ENSG00000105198,LGALS13,PLAC8,HGNC
43682,9716,PMP22,5827,ENSG00000176894,PXMP2,PMP22,HGNC
41241,30061,PMS2P13,441194,ENSG00000187953,PMS2CL,PMS2P13,HGNC
42281,9327,PNP,5539,ENSG00000108849,PPY,PNP,HGNC
41470,9186,POLH,10721,ENSG00000051341,POLQ,POLH,HGNC
59290,16705,POLK,11044,ENSG00000112941,TENT4A,POLK,HGNC
41465,9183,POLQ,51426,ENSG00000122008,POLK,POLQ,HGNC
41635,9203,POM121,22932,ENSG00000146707,POMZP3,POM121,HGNC
36863,17820,POMP,51251,ENSG00000122643,NT5C3A,POMP,HGNC
43698,30261,POP1,260434,ENSG00000169900,PYDC1,POP1,HGNC
4829,1152,POP1,11149,ENSG00000112276,BVES,POP1,HGNC
36049,29887,POP4,286430,ENSG00000215174,NLRP2B,POP4,HGNC
9029,29932,PPAT,80347,ENSG00000068120,COASY,PPAT,HGNC
19568,4847,PPOX,3060,ENSG00000161610,HCRT,PPOX,HGNC
44391,9893,PRB1,5933,ENSG00000080839,RBL1,PRB1,HGNC
42425,9355,PRDX6,25824,ENSG00000126432,PRDX5,PRDX6,HGNC
41126,23497,PRG2,79948,ENSG00000129951,PLPPR3,PRG2,HGNC
43673,14966,PRG2,7837,ENSG00000130508,PXDN,PRG2,HGNC
1263,21411,PRG3,84883,ENSG00000042286,AIFM2,PRG3,HGNC
42647,9453,PRODH2,5625,ENSG00000100033,PRODH,PRODH2,HGNC
35480,19688,PRR4,81607,ENSG00000143217,NECTIN4,PRR4,HGNC
42435,16753,PRX,9588,ENSG00000117592,PRDX6,PRX,HGNC
33659,17586,PSAP,23787,ENSG00000137409,MTCH1,PSAP,HGNC
58716,43,PSF1,6890,ENSG00000168394,TAP1,PSF1,HGNC
17555,28980,PSF1,9837,ENSG00000101003,GINS1,PSF1,HGNC
17556,24575,PSF2,51659,ENSG00000131153,GINS2,PSF2,HGNC
58719,44,PSF2,6891,ENSG00000204267,TAP2,PSF2,HGNC
17559,25851,PSF3,64785,ENSG00000181938,GINS3,PSF3,HGNC
42998,9519,PSG1,5670,ENSG00000242221,PSG2,PSG1,HGNC
43314,9589,PTH2,11191,ENSG00000237984,PTENP1,PTH2,HGNC
43570,24265,PTH2,51651,ENSG00000141378,PTRH2,PTH2,HGNC
43555,9683,PTPRO,10076,ENSG00000060656,PTPRU,PTPRO,HGNC
29398,6915,PVALB,4151,ENSG00000198125,MB,PVALB,HGNC
43677,14966,PXN,7837,ENSG00000130508,PXDN,PXN,HGNC
43927,19983,RAB11B,339122,ENSG00000172780,RAB43,RAB11B,HGNC
43926,19983,RAB41,339122,ENSG00000172780,RAB43,RAB41,HGNC
47077,10044,RAC1,6035,ENSG00000129538,RNASE1,RAC1,HGNC
35138,7670,RAC3,8202,ENSG00000124151,NCOA3,RAC3,HGNC
47084,10048,RAD1,6039,ENSG00000169413,RNASE6,RAD1,HGNC
14139,3436,RAD1,2072,ENSG00000175595,ERCC4,RAD1,HGNC
47086,19278,RAE1,84659,ENSG00000165799,RNASE7,RAE1,HGNC
47082,10046,RAF1,6037,ENSG00000169397,RNASE3,RAF1,HGNC
47094,24211,RAI1,493901,ENSG00000258436,RNASE12,RAI1,HGNC
45209,18750,RASSF4,54453,ENSG00000132669,RIN2,RASSF4,HGNC
42595,9438,RAX,8575,ENSG00000180228,PRKRA,RAX,HGNC
53177,40518,RBM5-AS1,100129060,ENSG00000235016,SEMA3F-AS1,RBM5-AS1,HGNC
2691,9885,RBP1,5926,ENSG00000032219,ARID4A,RBP1,HGNC
45181,30339,RBP2,23504,ENSG00000060709,RIMBP2,RBP2,HGNC
12897,3113,RBP3,1869,ENSG00000101412,E2F1,RBP3,HGNC
47242,17023,RCA1,11236,ENSG00000170881,RNF139,RCA1,HGNC
8932,10445,RCD1,9125,ENSG00000144580,CNOT9,RCD1,HGNC
23556,21302,REN,147040,ENSG00000213859,KCTD11,REN,HGNC
54565,10937,RFC1,6573,ENSG00000173638,SLC19A1,RFC1,HGNC
44985,32414,RGP1,400966,ENSG00000187627,RGPD1,RGP1,HGNC
45032,14261,RGS13,64407,ENSG00000150681,RGS18,RGS13,HGNC
45078,10010,RHEB,6008,ENSG00000229927,RHEBP1,RHEB,HGNC
28176,30299,RIF1,55791,ENSG00000121931,LRIF1,RIF1,HGNC
22586,6089,RIF1,11172,ENSG00000120210,INSL6,RIF1,HGNC
42497,17019,RILP,144165,ENSG00000139174,PRICKLE1,RILP,HGNC
22581,6086,RLF,3640,ENSG00000248099,INSL3,RLF,HGNC
45302,21176,RMD1,55005,ENSG00000155906,RMND1,RMD1,HGNC
45288,24285,RMD1,51115,ENSG00000176623,RMDN1,RMD1,HGNC
47090,19275,RNASE9,338879,ENSG00000182545,RNASE10,RNASE9,HGNC
47098,10049,RNH1,284203,ENSG00000265790,RNASEH1P1,RNH1,HGNC
36651,7981,RNR1,4929,ENSG00000153234,NR4A2,RNR1,HGNC
55982,33189,RNU3,780851,ENSG00000263934,SNORD3A,RNU3,HGNC
49482,10258,ROR1,6095,ENSG00000069667,RORA,ROR1,HGNC
49483,10258,ROR2,6095,ENSG00000069667,RORA,ROR2,HGNC
60382,56716,RP1,128385376,ENSG00000235246,TMEM184B-AS1,RP1,HGNC
29203,6891,RP1,10982,ENSG00000166974,MAPRE2,RP1,HGNC
57922,11398,RP1,8859,ENSG00000204344,STK19,RP1,HGNC
37012,32036,RP2,390916,ENSG00000213965,NUDT19,RP2,HGNC
57924,21668,RP2,373159,ENSG00000250535,STK19B,RP2,HGNC
57399,53953,RP5,112637020,ENSG00000184068,SREBF2-AS1,RP5,HGNC
41474,17264,RPA1,25885,ENSG00000068654,POLR1A,RPA1,HGNC
41479,20454,RPA2,84172,ENSG00000125630,POLR1B,RPA2,HGNC
35488,7727,RPF1,4734,ENSG00000069869,NEDD4,RPF1,HGNC
50063,10306,RPL10,6138,ENSG00000174748,RPL15,RPL10,HGNC
32945,14278,RPL13,28998,ENSG00000172172,MRPL13,RPL13,HGNC
52024,18479,RPL24,51187,ENSG00000137876,RSL24D1,RPL24,HGNC
33155,10380,RPS12,6183,ENSG00000128626,MRPS12,RPS12,HGNC
51983,23818,RRP1,23076,ENSG00000160208,RRP1B,RRP1,HGNC
52007,10458,RS1,6248,ENSG00000215695,RSC1A1,RS1,HGNC
53120,15999,RSS,57190,ENSG00000162430,SELENON,RSS,HGNC
20692,20846,S100A16,388697,ENSG00000197915,HRNR,S100A16,HGNC
51397,10384,S11,6205,ENSG00000142534,RPS11,S11,HGNC
51406,10385,S12,6206,ENSG00000112306,RPS12,S12,HGNC
43167,9565,S12,5713,ENSG00000103035,PSMD7,S12,HGNC
20996,5287,S12,3351,ENSG00000135312,HTR1B,S12,HGNC
51439,10386,S13,6207,ENSG00000110700,RPS13,S13,HGNC
51450,10387,S14,6208,ENSG00000164587,RPS14,S14,HGNC
43173,9566,S14,5714,ENSG00000099341,PSMD8,S14,HGNC
59718,11800,S14,7069,ENSG00000151365,THRSP,S14,HGNC
51326,10440,S7,6201,ENSG00000171863,RPS7,S7,HGNC
43108,9548,S7,5701,ENSG00000161057,PSMC2,S7,HGNC
43132,9552,S8,5705,ENSG00000087191,PSMC5,S8,HGNC
51343,10441,S8,6202,ENSG00000142937,RPS8,S8,HGNC
51355,10442,S9,6203,ENSG00000170889,RPS9,S9,HGNC
43186,9556,S9,5717,ENSG00000108671,PSMD11,S9,HGNC
47140,10070,SAG,9616,ENSG00000114125,RNF7,SAG,HGNC
53596,10770,SAP130,23450,ENSG00000189091,SF3B3,SAP130,HGNC
54999,13447,SAT1,81539,ENSG00000111371,SLC38A1,SAT1,HGNC
55001,13448,SAT2,54407,ENSG00000134294,SLC38A2,SAT2,HGNC
9333,2289,SCAF1,9167,ENSG00000115944,COX7A2L,SCAF1,HGNC
65062,12734,SCAR3,10810,ENSG00000132970,WASF3,SCAR3,HGNC
54600,10969,SCD,6584,ENSG00000197375,SLC22A5,SCD,HGNC
53688,10809,SCG3,6445,ENSG00000102683,SGCG,SCG3,HGNC
58340,11490,SCP2,10388,ENSG00000196074,SYCP2,SCP2,HGNC
10006,17077,SCP2,10106,ENSG00000175215,CTDSP2,SCP2,HGNC
6471,10611,SCYL1,6357,ENSG00000181374,CCL13,SCYL1,HGNC
6477,10612,SCYL2,6358,ENSG00000276409,CCL14,SCYL2,HGNC
6482,10613,SCYL3,6359,ENSG00000275718,CCL15,SCYL3,HGNC
52576,19440,SDS,51119,ENSG00000126524,SBDS,SDS,HGNC
53125,10751,SELP,6414,ENSG00000250722,SELENOP,SELP,HGNC
62858,28422,SEN2,80746,ENSG00000154743,TSEN2,SEN2,HGNC
23935,6343,SF,4254,ENSG00000049130,KITLG,SF,HGNC
19796,4893,SF,3082,ENSG00000019991,HGF,SF,HGNC
36662,7983,SF1,2516,ENSG00000136931,NR5A1,SF1,HGNC
44883,17851,SFN,25996,ENSG00000076043,REXO2,SFN,HGNC
41199,10880,SI,6490,ENSG00000185664,PMEL,SI,HGNC
54347,30927,SIT1,54716,ENSG00000163817,SLC6A20,SIT1,HGNC
64487,12641,SKP2,8409,ENSG00000126756,UXT,SKP2,HGNC
53252,30605,SLA,51091,ENSG00000109618,SEPSECS,SLA,HGNC
55232,11087,SLIT1,6586,ENSG00000184347,SLIT3,SLIT1,HGNC
55226,11085,SLIT3,6585,ENSG00000187122,SLIT1,SLIT3,HGNC
16811,4037,SLK,2534,ENSG00000010810,FYN,SLK,HGNC
28615,29604,SLURP2,66004,ENSG00000180155,LYNX1,SLURP2,HGNC
17135,4162,SMAD1,2617,ENSG00000106105,GARS1,SMAD1,HGNC
55532,20323,SMAP2,64094,ENSG00000112562,SMOC2,SMAP2,HGNC
55538,15862,SMO,54498,ENSG00000088826,SMOX,SMO,HGNC
44073,9834,SMS,10743,ENSG00000108557,RAI1,SMS,HGNC
55866,32652,SNORA58B,677836,ENSG00000249020,SNORA58,SNORA58B,HGNC
56295,33064,SNORD115-48,100036566,ENSG00000212380,SNORD115-45,SNORD115-48,HGNC
47131,10067,SNURF,6047,ENSG00000063978,RNF4,SNURF,HGNC
56624,28468,SNX30,257364,ENSG00000173548,SNX33,SNX30,HGNC
56802,27244,SPAR,158376,ENSG00000235387,SPAAR,SPAR,HGNC
57006,22957,SPATA8,221409,ENSG00000249481,SPATS1,SPATA8,HGNC
57111,32314,SPG29,0,,SPG32,SPG29,HGNC
57224,30621,SPIN1,83985,ENSG00000169682,SPNS1,SPIN1,HGNC
11131,14677,SPN,10522,ENSG00000177030,DEAF1,SPN,HGNC
10298,24343,SPP1,30827,ENSG00000154832,CXXC1,SPP1,HGNC
53714,19953,SPP2,130367,ENSG00000163082,SGPP2,SPP2,HGNC
58543,11526,SPR,6869,ENSG00000115353,TACR1,SPR,HGNC
56757,11204,SRA1,6662,ENSG00000125398,SOX9,SRA1,HGNC
57445,11298,SRM,6725,ENSG00000125508,SRMS,SRM,HGNC
22128,5998,ST2,9173,ENSG00000115602,IL1RL1,ST2,HGNC
28236,31708,ST7,29967,ENSG00000147650,LRP12,ST7,HGNC
41205,14107,STAG1,56937,ENSG00000124225,PMEPA1,STAG1,HGNC
64486,12641,STAP1,8409,ENSG00000126756,UXT,STAP1,HGNC
18877,4688,STAR,2984,ENSG00000070019,GUCY2C,STAR,HGNC
57928,11403,STK3,8428,ENSG00000102572,STK24,STK3,HGNC
57411,26333,STRAP,153443,ENSG00000151304,SRFBP1,STRAP,HGNC
39065,35152,TAF4B,493913,ENSG00000256040,PAPPA-AS1,TAF4B,HGNC
53037,10699,TAP1,23541,ENSG00000100003,SEC14L2,TAP1,HGNC
53038,18655,TAP2,266629,ENSG00000100012,SEC14L3,TAP2,HGNC
59040,29891,TCEA1,399511,ENSG00000230409,TCEA1P2,TCEA1,HGNC
59273,8117,TEN1,10178,ENSG00000009694,TENM1,TEN1,HGNC
43310,9588,TEP1,5728,ENSG00000171862,PTEN,TEP1,HGNC
14695,3541,TF,2152,ENSG00000117525,F3,TF,HGNC
59013,11609,THAS,6916,ENSG00000059377,TBXAS1,THAS,HGNC
64257,48673,THY1-AS1,100499227,ENSG00000245248,USP2-AS1,THY1-AS1,HGNC
10990,2731,TKT,4921,ENSG00000162733,DDR2,TKT,HGNC
60560,11878,TMPRSS3,56649,ENSG00000137648,TMPRSS4,TMPRSS3,HGNC
4732,1126,TNFRSF11B,690,ENSG00000118903,BTF3P11,TNFRSF11B,HGNC
60839,11947,TNNC1,7137,ENSG00000129991,TNNI3,TNNC1,HGNC
59184,11708,TPH2,6999,ENSG00000151790,TDO2,TPH2,HGNC
59676,11795,TPO,7066,ENSG00000090534,THPO,TPO,HGNC
61054,16197,TPRKB,112858,ENSG00000172315,TP53RK,TPRKB,HGNC
59539,16836,TRAP1,9392,ENSG00000135966,TGFBRAP1,TRAP1,HGNC
61458,12101,TRAV11,28693,ENSG00000255569,TRAV1-1,TRAV11,HGNC
55683,30646,TSN,27044,ENSG00000197157,SND1,TSN,HGNC
35979,11825,TTF1,7080,ENSG00000136352,NKX2-1,TTF1,HGNC
25665,42770,TTL,646982,ENSG00000215483,LINC00598,TTL,HGNC
3860,950,UCHL2,8314,ENSG00000163930,BAP1,UCHL2,HGNC
64472,12636,UCN2,10911,ENSG00000049247,UTS2,UCN2,HGNC
63959,12530,UGT1A,54658,ENSG00000241635,UGT1A1,UGT1A,HGNC
63982,12553,UGT2B11,7363,ENSG00000156096,UGT2B4,UGT2B11,HGNC
63765,25847,USE1,65264,ENSG00000159202,UBE2Z,USE1,HGNC
64397,19143,USP10,84669,ENSG00000170832,USP32,USP10,HGNC
64380,12620,USP16,27005,ENSG00000143258,USP21,USP16,HGNC
64386,12624,USP21,29761,ENSG00000155313,USP25,USP21,HGNC
9382,23228,VIP,27151,ENSG00000160111,CPAMD8,VIP,HGNC
10984,2728,WBP1,1650,ENSG00000244038,DDOST,WBP1,HGNC
12965,3147,XCE,9427,ENSG00000171551,ECEL1,XCE,HGNC
67316,32468,ZNF102,100129842,ENSG00000237440,ZNF737,ZNF102,HGNC
66572,12904,ZNF20,7675,ENSG00000197961,ZNF121,ZNF20,HGNC
47246,21159,ZNF230,50862,ENSG00000110315,RNF141,ZNF230,HGNC
66553,12886,ZNF474,64397,ENSG00000103994,ZNF106,ZNF474,HGNC
66148,23328,ZNF475,162239,ENSG00000184517,ZFP1,ZNF475,HGNC
66666,12999,ZNF95,7757,ENSG00000160321,ZNF208,ZNF95,HGNC
